cik,nom,ancien_verdict,verdict,canal,maturite_exposition,motif,depot,source_url
0000002969,Air Products,SORT,A_EXAMINER,,indeterminee,Extraits absents ou insuffisants pour attribuer un role economique dans la chaine. Aucun verdict d'absence d'exposition ne peut etre deduit de cette couverture.,0000002969-25-000055,https://www.sec.gov/Archives/edgar/data/2969/000000296925000055/apd-20250930.htm
0000004127,Skyworks Solutions,SORT,ENTRE,vend,etablie,Le fabricant de composants decrit une activite en croissance sur plusieurs marches dont les centres de donnees ; part propre a l'IA non fournie.,0000004127-25-000085,https://www.sec.gov/Archives/edgar/data/4127/000000412725000085/swks-20251003.htm
0000006281,Analog Devices,DOUTEUX,ENTRE,vend,etablie,Croissance du sous-marche filaire explicitement attribuee a l'expansion des infrastructures de centres de donnees pour l'IA.,0000006281-25-000153,https://www.sec.gov/Archives/edgar/data/6281/000000628125000153/adi-20251101.htm
0000006951,Applied Materials,SORT,ENTRE,fournit,etablie,"Ventes 2025 d'equipements semi-conducteurs soutenues par les investissements effectifs des clients en capacites et technologies ; perspectives reliees a l'IA, aux centres de donnees et aux memoires avancees. La part IA des ventes n'est pas isolee.",0001628280-25-056742,https://www.sec.gov/Archives/edgar/data/6951/000162828025056742/amat-20251026.htm
0000009389,Ball Corporation,SORT,A_EXAMINER,,indeterminee,Extraits absents ou insuffisants pour attribuer un role economique dans la chaine. Aucun verdict d'absence d'exposition ne peut etre deduit de cette couverture.,0001104659-26-017410,https://www.sec.gov/Archives/edgar/data/9389/000110465926017410/ball-20251231x10k.htm
0000012927,Boeing,SORT,A_EXAMINER,,indeterminee,Extraits absents ou insuffisants pour attribuer un role economique dans la chaine. Aucun verdict d'absence d'exposition ne peut etre deduit de cette couverture.,0001628280-26-004357,https://www.sec.gov/Archives/edgar/data/12927/000162828026004357/ba-20251231.htm
0000016918,Constellation Brands,SORT,A_EXAMINER,,indeterminee,Extraits absents ou insuffisants pour attribuer un role economique dans la chaine. Aucun verdict d'absence d'exposition ne peut etre deduit de cette couverture.,0000016918-26-000011,https://www.sec.gov/Archives/edgar/data/16918/000001691826000011/stz-20260228.htm
0000018230,Caterpillar Inc.,DOUTEUX,ENTRE,fournit,etablie,Hausse de commandes de production electrique principale en provenance de clients centres de donnees.,0000018230-26-000008,https://www.sec.gov/Archives/edgar/data/18230/000001823026000008/cat-20251231.htm
0000019617,JPMorgan Chase,SORT,DOUTEUX,,indeterminee,"Lien avec les centres de donnees mentionne, mais perimetre technique, activite propre ou stade de l'engagement insuffisamment etablis. Ne pas confondre intention, exposition financiere indirecte et fourniture actuelle.",0001628280-26-008131,https://www.sec.gov/Archives/edgar/data/19617/000162828026008131/jpm-20251231.htm
0000031462,Ecolab,DOUTEUX,ENTRE,vend,etablie,Croissance des ventes du segment high-tech explicitement tiree par les centres de donnees et la microelectronique.,0001104659-26-018357,https://www.sec.gov/Archives/edgar/data/31462/000110465926018357/ecl-20251231x10k.htm
0000031791,Revvity,SORT,A_EXAMINER,,indeterminee,Extraits absents ou insuffisants pour attribuer un role economique dans la chaine. Aucun verdict d'absence d'exposition ne peut etre deduit de cette couverture.,0000031791-26-000012,https://www.sec.gov/Archives/edgar/data/31791/000003179126000012/revv-20251228.htm
0000032604,Emerson Electric,DOUTEUX,A_EXAMINER,fournit,indeterminee,Extraits absents ou insuffisants pour attribuer un role economique dans la chaine. Aucun verdict d'absence d'exposition ne peut etre deduit de cette couverture.,0000032604-25-000087,https://www.sec.gov/Archives/edgar/data/32604/000003260425000087/emr-20250930.htm
0000034903,Federal Realty Investment Trust,SORT,A_EXAMINER,,indeterminee,Extraits absents ou insuffisants pour attribuer un role economique dans la chaine. Aucun verdict d'absence d'exposition ne peut etre deduit de cette couverture.,0000034903-26-000017,https://www.sec.gov/Archives/edgar/data/34903/000003490326000017/frt-20251231.htm
0000040533,General Dynamics,SORT,ENTRE,fournit,etablie,"GDIT fournit sous contrat des services de centres de donnees/cloud hybride et d'ingenierie, de mise en oeuvre et d'exploitation informatique. Offre technique operationnelle ; part propre a l'IA non quantifiee.",0000040533-26-000006,https://www.sec.gov/Archives/edgar/data/40533/000004053326000006/gd-20251231.htm
0000040987,Genuine Parts Company,SORT,A_EXAMINER,,indeterminee,Extraits absents ou insuffisants pour attribuer un role economique dans la chaine. Aucun verdict d'absence d'exposition ne peut etre deduit de cette couverture.,0000040987-26-000003,https://www.sec.gov/Archives/edgar/data/40987/000004098726000003/gpc-20251231.htm
0000045012,Halliburton,DOUTEUX,ENTRE,fournit,engagement_ou_developpement_documente,"Capacite industrielle reservee pour 400 MW de systemes de generation destines aux centres de donnees ; livraison future, engagement deja decrit.",0000045012-26-000015,https://www.sec.gov/Archives/edgar/data/45012/000004501226000015/hal-20251231.htm
0000047111,Hershey Company (The),SORT,A_EXAMINER,,indeterminee,Extraits absents ou insuffisants pour attribuer un role economique dans la chaine. Aucun verdict d'absence d'exposition ne peut etre deduit de cette couverture.,0001628280-26-008586,https://www.sec.gov/Archives/edgar/data/47111/000162828026008586/hsy-20251231.htm
0000048465,Hormel Foods,SORT,A_EXAMINER,,indeterminee,Extraits absents ou insuffisants pour attribuer un role economique dans la chaine. Aucun verdict d'absence d'exposition ne peut etre deduit de cette couverture.,0000048465-25-000059,https://www.sec.gov/Archives/edgar/data/48465/000004846525000059/hrl-20251026.htm
0000049196,Huntington Bancshares,SORT,A_EXAMINER,,indeterminee,Extraits absents ou insuffisants pour attribuer un role economique dans la chaine. Aucun verdict d'absence d'exposition ne peut etre deduit de cette couverture.,0000049196-26-000015,https://www.sec.gov/Archives/edgar/data/49196/000004919626000015/hban-20251231.htm
0000049826,Illinois Tool Works,SORT,A_EXAMINER,,indeterminee,Extraits absents ou insuffisants pour attribuer un role economique dans la chaine. Aucun verdict d'absence d'exposition ne peut etre deduit de cette couverture.,0000049826-26-000008,https://www.sec.gov/Archives/edgar/data/49826/000004982626000008/itw-20251231.htm
0000051143,IBM,SORT,ENTRE,vend,etablie,"Offre explicite de serveurs et stockage sur site et dans le cloud ; le motif porte sur l'infrastructure vendue, pas sur le conseil ou le logiciel applicatif.",0000051143-26-000010,https://www.sec.gov/Archives/edgar/data/51143/000005114326000010/ibm-20251231.htm
0000051253,International Flavors & Fragrances,SORT,A_EXAMINER,,indeterminee,Extraits absents ou insuffisants pour attribuer un role economique dans la chaine. Aucun verdict d'absence d'exposition ne peut etre deduit de cette couverture.,0000051253-26-000006,https://www.sec.gov/Archives/edgar/data/51253/000005125326000006/iff-20251231.htm
0000051434,International Paper,SORT,A_EXAMINER,,indeterminee,Extraits absents ou insuffisants pour attribuer un role economique dans la chaine. Aucun verdict d'absence d'exposition ne peut etre deduit de cette couverture.,0000051434-26-000055,https://www.sec.gov/Archives/edgar/data/51434/000005143426000055/ip-20251231.htm
0000052988,Jacobs Solutions,SORT,A_EXAMINER,,indeterminee,Extraits absents ou insuffisants pour attribuer un role economique dans la chaine. Aucun verdict d'absence d'exposition ne peut etre deduit de cette couverture.,0001628280-25-053316,https://www.sec.gov/Archives/edgar/data/52988/000162828025053316/jec-20250926.htm
0000060086,Loews Corporation,SORT,DOUTEUX,,indeterminee,"Lien avec les centres de donnees mentionne, mais perimetre technique, activite propre ou stade de l'engagement insuffisamment etablis. Ne pas confondre intention, exposition financiere indirecte et fourniture actuelle.",0000060086-26-000008,https://www.sec.gov/Archives/edgar/data/60086/000006008626000008/l-20251231.htm
0000062996,Masco,SORT,A_EXAMINER,,indeterminee,Extraits absents ou insuffisants pour attribuer un role economique dans la chaine. Aucun verdict d'absence d'exposition ne peut etre deduit de cette couverture.,0000062996-26-000005,https://www.sec.gov/Archives/edgar/data/62996/000006299626000005/mas-20251231.htm
0000063908,McDonald's,SORT,A_EXAMINER,,indeterminee,Extraits absents ou insuffisants pour attribuer un role economique dans la chaine. Aucun verdict d'absence d'exposition ne peut etre deduit de cette couverture.,0000063908-26-000035,https://www.sec.gov/Archives/edgar/data/63908/000006390826000035/mcd-20251231.htm
0000066740,3M,SORT,ENTRE,fournit,etablie,"Solutions pour centres de donnees dans la liste des produits du segment Transportation and Electronics, aux cotes des materiaux semi-conducteurs et interconnexions. Offre presente, sans quantification de ventes IA.",0000066740-26-000014,https://www.sec.gov/Archives/edgar/data/66740/000006674026000014/mmm-20251231.htm
0000070858,Bank of America,SORT,A_EXAMINER,,indeterminee,Extraits absents ou insuffisants pour attribuer un role economique dans la chaine. Aucun verdict d'absence d'exposition ne peut etre deduit de cette couverture.,0000070858-26-000157,https://www.sec.gov/Archives/edgar/data/70858/000007085826000157/bac-20251231.htm
0000072331,Nordson Corporation,SORT,A_EXAMINER,,indeterminee,Extraits absents ou insuffisants pour attribuer un role economique dans la chaine. Aucun verdict d'absence d'exposition ne peut etre deduit de cette couverture.,0000072331-25-000144,https://www.sec.gov/Archives/edgar/data/72331/000007233125000144/ndsn-20251031.htm
0000072741,Eversource Energy,SORT,A_EXAMINER,,indeterminee,Extraits absents ou insuffisants pour attribuer un role economique dans la chaine. Aucun verdict d'absence d'exposition ne peut etre deduit de cette couverture.,0001628280-26-008461,https://www.sec.gov/Archives/edgar/data/72741/000162828026008461/es-20251231.htm
0000072971,Wells Fargo,SORT,A_EXAMINER,,indeterminee,Extraits absents ou insuffisants pour attribuer un role economique dans la chaine. Aucun verdict d'absence d'exposition ne peut etre deduit de cette couverture.,0000072971-26-000133,https://www.sec.gov/Archives/edgar/data/72971/000007297126000133/wfc-20251231_d2.htm
0000073309,Nucor,DOUTEUX,ENTRE,fournit,etablie,"Produits techniques de confinement d'air, armoires et autres composants pour construction et renovation de centres de donnees.",0001193125-26-071575,https://www.sec.gov/Archives/edgar/data/73309/000119312526071575/nue-20251231.htm
0000075677,Packaging Corporation of America,SORT,A_EXAMINER,,indeterminee,Extraits absents ou insuffisants pour attribuer un role economique dans la chaine. Aucun verdict d'absence d'exposition ne peut etre deduit de cette couverture.,0001193125-26-074129,https://www.sec.gov/Archives/edgar/data/75677/000119312526074129/pkg-20251231.htm
0000076334,Parker Hannifin,SORT,DOUTEUX,,prospective_a_confirmer,"Lien avec les centres de donnees mentionne, mais perimetre technique, activite propre ou stade de l'engagement insuffisamment etablis. Ne pas confondre intention, exposition financiere indirecte et fourniture actuelle.",0000076334-26-000105,https://www.sec.gov/Archives/edgar/data/76334/000007633426000105/ph-20260630.htm
0000079282,Brown & Brown,SORT,A_EXAMINER,,indeterminee,Extraits absents ou insuffisants pour attribuer un role economique dans la chaine. Aucun verdict d'absence d'exposition ne peut etre deduit de cette couverture.,0001193125-26-046984,https://www.sec.gov/Archives/edgar/data/79282/000119312526046984/bro-20251231.htm
0000080424,Procter & Gamble,SORT,A_EXAMINER,,indeterminee,Extraits absents ou insuffisants pour attribuer un role economique dans la chaine. Aucun verdict d'absence d'exposition ne peut etre deduit de cette couverture.,0000080424-26-000103,https://www.sec.gov/Archives/edgar/data/80424/000008042426000103/pg-20260630.htm
0000087347,Schlumberger,DOUTEUX,ENTRE,fournit,etablie,"Activite industrielle Data Center Solutions : fabrication d'enveloppes, de refroidissement et de materiels pour hyperscalers.",0001193125-26-021017,https://www.sec.gov/Archives/edgar/data/87347/000119312526021017/slb-20251231.htm
0000089800,Sherwin-Williams,SORT,A_EXAMINER,,indeterminee,Extraits absents ou insuffisants pour attribuer un role economique dans la chaine. Aucun verdict d'absence d'exposition ne peut etre deduit de cette couverture.,0000089800-26-000008,https://www.sec.gov/Archives/edgar/data/89800/000008980026000008/shw-20251231.htm
0000091142,A. O. Smith,SORT,A_EXAMINER,,indeterminee,Extraits absents ou insuffisants pour attribuer un role economique dans la chaine. Aucun verdict d'absence d'exposition ne peut etre deduit de cette couverture.,0000091142-26-000008,https://www.sec.gov/Archives/edgar/data/91142/000009114226000008/aos-20251231.htm
0000093410,Chevron Corporation,DOUTEUX,ENTRE,fournit,engagement_ou_developpement_documente,"Travaux engages sur un premier projet de production electrique pour centres de donnees ; le projet est en developpement, sans revenu de fourniture etabli dans l'extrait.",0000093410-26-000078,https://www.sec.gov/Archives/edgar/data/93410/000009341026000078/cvx-20251231.htm
0000093556,Stanley Black & Decker,SORT,A_EXAMINER,,indeterminee,Extraits absents ou insuffisants pour attribuer un role economique dans la chaine. Aucun verdict d'absence d'exposition ne peut etre deduit de cette couverture.,0000093556-26-000009,https://www.sec.gov/Archives/edgar/data/93556/000009355626000009/swk-20260103.htm
0000097476,Texas Instruments,SORT,ENTRE,vend,etablie,La demande de composants est explicitement tiree notamment par les centres de donnees ; stocks et capacites sont destines aux clients actuels.,0000097476-26-000059,https://www.sec.gov/Archives/edgar/data/97476/000009747626000059/txn-20251231.htm
0000100493,Tyson Foods,SORT,A_EXAMINER,,indeterminee,Extraits absents ou insuffisants pour attribuer un role economique dans la chaine. Aucun verdict d'absence d'exposition ne peut etre deduit de cette couverture.,0000100493-25-000095,https://www.sec.gov/Archives/edgar/data/100493/000010049325000095/tsn-20250927.htm
0000100885,Union Pacific Corporation,SORT,A_EXAMINER,,indeterminee,Extraits absents ou insuffisants pour attribuer un role economique dans la chaine. Aucun verdict d'absence d'exposition ne peut etre deduit de cette couverture.,0000100885-26-000037,https://www.sec.gov/Archives/edgar/data/100885/000010088526000037/unp-20251231.htm
0000104169,Walmart,SORT,A_EXAMINER,,indeterminee,Extraits absents ou insuffisants pour attribuer un role economique dans la chaine. Aucun verdict d'absence d'exposition ne peut etre deduit de cette couverture.,0000104169-26-000055,https://www.sec.gov/Archives/edgar/data/104169/000010416926000055/wmt-20260131.htm
0000105770,West Pharmaceutical Services,SORT,A_EXAMINER,,indeterminee,Extraits absents ou insuffisants pour attribuer un role economique dans la chaine. Aucun verdict d'absence d'exposition ne peut etre deduit de cette couverture.,0000105770-26-000010,https://www.sec.gov/Archives/edgar/data/105770/000010577026000010/wst-20251231.htm
0000202058,L3Harris,SORT,A_EXAMINER,,indeterminee,Extraits absents ou insuffisants pour attribuer un role economique dans la chaine. Aucun verdict d'absence d'exposition ne peut etre deduit de cette couverture.,0000202058-26-000015,https://www.sec.gov/Archives/edgar/data/202058/000020205826000015/hrs-20260102.htm
0000217346,Textron,SORT,A_EXAMINER,,indeterminee,Extraits absents ou insuffisants pour attribuer un role economique dans la chaine. Aucun verdict d'absence d'exposition ne peut etre deduit de cette couverture.,0000217346-26-000006,https://www.sec.gov/Archives/edgar/data/217346/000021734626000006/txt-20260103.htm
0000315189,Deere & Company,SORT,DOUTEUX,utilise,indeterminee,"Lien avec les centres de donnees mentionne, mais perimetre technique, activite propre ou stade de l'engagement insuffisamment etablis. Ne pas confondre intention, exposition financiere indirecte et fourniture actuelle.",0001104659-25-122321,https://www.sec.gov/Archives/edgar/data/315189/000110465925122321/de-20251102x10k.htm
0000315293,Aon plc,SORT,DOUTEUX,,indeterminee,"Lien avec les centres de donnees mentionne, mais perimetre technique, activite propre ou stade de l'engagement insuffisamment etablis. Ne pas confondre intention, exposition financiere indirecte et fourniture actuelle.",0001628280-26-008116,https://www.sec.gov/Archives/edgar/data/315293/000162828026008116/aon-20251231.htm
0000319201,KLA Corporation,SORT,ENTRE,fournit,etablie,L'entreprise d'equipements semi-conducteurs identifie HPC et centres de donnees soutenus par l'IA comme moteurs de la croissance et de l'investissement de son industrie.,0000319201-26-000027,https://www.sec.gov/Archives/edgar/data/319201/000031920126000027/klac-20260630.htm
0000354950,Home Depot (The),SORT,DOUTEUX,,indeterminee,"Lien avec les centres de donnees mentionne, mais perimetre technique, activite propre ou stade de l'engagement insuffisamment etablis. Ne pas confondre intention, exposition financiere indirecte et fourniture actuelle.",0001628280-26-019436,https://www.sec.gov/Archives/edgar/data/354950/000162828026019436/hd-20260201.htm
0000711404,Cooper Companies (The),SORT,A_EXAMINER,,indeterminee,Extraits absents ou insuffisants pour attribuer un role economique dans la chaine. Aucun verdict d'absence d'exposition ne peut etre deduit de cette couverture.,0001628280-25-055615,https://www.sec.gov/Archives/edgar/data/711404/000162828025055615/coo-20251031.htm
0000726728,Realty Income,DOUTEUX,ENTRE,fournit,engagement_ou_developpement_documente,"Coentreprise de centres de donnees deja loues depuis 2024, avec extension pour le client existant et quote-part de couts restant a engager de 216,8 millions de dollars. Engagement immobilier operationnel, pas simple placement diversifie.",0000726728-26-000011,https://www.sec.gov/Archives/edgar/data/726728/000072672826000011/o-20251231.htm
0000731802,Atmos Energy,SORT,A_EXAMINER,,indeterminee,Extraits absents ou insuffisants pour attribuer un role economique dans la chaine. Aucun verdict d'absence d'exposition ne peut etre deduit de cette couverture.,0000731802-25-000056,https://www.sec.gov/Archives/edgar/data/731802/000073180225000056/ato-20250930.htm
0000732717,AT&T,SORT,DOUTEUX,,indeterminee,"Lien avec les centres de donnees mentionne, mais perimetre technique, activite propre ou stade de l'engagement insuffisamment etablis. Ne pas confondre intention, exposition financiere indirecte et fourniture actuelle.",0000732717-26-000120,https://www.sec.gov/Archives/edgar/data/732717/000073271726000120/t-20251231.htm
0000753308,NextEra Energy,ENTRE,DOUTEUX,fournit,prospective_a_confirmer,Projection de demande ou opportunite de fourniture aux centres de donnees ; l'extrait ne suffit pas a etablir un contrat ou un investissement specifique deja engage.,0000753308-26-000015,https://www.sec.gov/Archives/edgar/data/753308/000075330826000015/nee-20251231.htm
0000759944,Citizens Financial Group,SORT,DOUTEUX,,indeterminee,"Lien avec les centres de donnees mentionne, mais perimetre technique, activite propre ou stade de l'engagement insuffisamment etablis. Ne pas confondre intention, exposition financiere indirecte et fourniture actuelle.",0000759944-26-000028,https://www.sec.gov/Archives/edgar/data/759944/000075994426000028/cfg-20251231.htm
0000764180,Altria,SORT,A_EXAMINER,,indeterminee,Extraits absents ou insuffisants pour attribuer un role economique dans la chaine. Aucun verdict d'absence d'exposition ne peut etre deduit de cette couverture.,0000764180-26-000017,https://www.sec.gov/Archives/edgar/data/764180/000076418026000017/mo-20251231.htm
0000765880,Healthpeak Properties,SORT,A_EXAMINER,,indeterminee,Extraits absents ou insuffisants pour attribuer un role economique dans la chaine. Aucun verdict d'absence d'exposition ne peut etre deduit de cette couverture.,0001628280-26-005044,https://www.sec.gov/Archives/edgar/data/765880/000162828026005044/peak-20251231.htm
0000773840,Honeywell Technologies,SORT,A_EXAMINER,,indeterminee,Extraits absents ou insuffisants pour attribuer un role economique dans la chaine. Aucun verdict d'absence d'exposition ne peut etre deduit de cette couverture.,0000773840-26-000013,https://www.sec.gov/Archives/edgar/data/773840/000077384026000013/hon-20251231.htm
0000788784,Public Service Enterprise Group,ENTRE,DOUTEUX,fournit,prospective_a_confirmer,Projection de demande ou opportunite de fourniture aux centres de donnees ; l'extrait ne suffit pas a etablir un contrat ou un investissement specifique deja engage.,0001193125-26-077446,https://www.sec.gov/Archives/edgar/data/788784/000119312526077446/peg-20251231.htm
0000796343,Adobe Inc.,SORT,DOUTEUX,investit,indeterminee,"Couts d'entrainement IA et de centres de donnees dans la R&D, et couts d'inference dans l'exploitation. La source n'isole pas un engagement de capacite d'infrastructure propre ; frontiere avec l'usage applicatif a preciser.",0000796343-26-000003,https://www.sec.gov/Archives/edgar/data/796343/000079634326000003/adbe-20251128.htm
0000797468,Occidental Petroleum,SORT,A_EXAMINER,,indeterminee,Extraits absents ou insuffisants pour attribuer un role economique dans la chaine. Aucun verdict d'absence d'exposition ne peut etre deduit de cette couverture.,0001628280-26-009059,https://www.sec.gov/Archives/edgar/data/797468/000162828026009059/oxy-20251231.htm
0000804328,Qualcomm,SORT,DOUTEUX,utilise,prospective_a_confirmer,"Activite de centres de donnees en developpement et commercialisation ; exposition commerciale et stade a preciser, sans seuil de materialite implicite.",0000804328-25-000085,https://www.sec.gov/Archives/edgar/data/804328/000080432825000085/qcom-20250928.htm
0000811156,CMS Energy,ENTRE,DOUTEUX,fournit,prospective_a_confirmer,Projection de demande ou opportunite de fourniture aux centres de donnees ; l'extrait ne suffit pas a etablir un contrat ou un investissement specifique deja engage.,0000811156-26-000004,https://www.sec.gov/Archives/edgar/data/811156/000081115626000004/cms-20251231.htm
0000815556,Fastenal,DOUTEUX,ENTRE,fournit,etablie,Le distributeur de fournitures industrielles sert explicitement les centres de donnees et leurs operations parmi ses clients. Contribution precise et part liee a l'IA non quantifiees.,0000815556-26-000009,https://www.sec.gov/Archives/edgar/data/815556/000081555626000009/fast-20251231.htm
0000820313,Amphenol,SORT,ENTRE,vend,etablie,"La croissance des ventes IT datacom est explicitement reliee notamment a la demande de produits IA, reseaux, serveurs et cloud. Le poste entier n'est pas une part de chiffre d'affaires IA.",0001104659-26-013549,https://www.sec.gov/Archives/edgar/data/820313/000110465926013549/aph-20251231x10k.htm
0000821189,EOG Resources,SORT,A_EXAMINER,,indeterminee,Extraits absents ou insuffisants pour attribuer un role economique dans la chaine. Aucun verdict d'absence d'exposition ne peut etre deduit de cette couverture.,0000821189-26-000054,https://www.sec.gov/Archives/edgar/data/821189/000082118926000054/eog-20251231.htm
0000823768,Waste Management,SORT,A_EXAMINER,,indeterminee,Extraits absents ou insuffisants pour attribuer un role economique dans la chaine. Aucun verdict d'absence d'exposition ne peut etre deduit de cette couverture.,0001104659-26-012049,https://www.sec.gov/Archives/edgar/data/823768/000110465926012049/wm-20251231x10k.htm
0000833444,Johnson Controls,DOUTEUX,ENTRE,fournit,etablie,Le rapport relie la demande de refroidissement hyperscale et centres de donnees a l'IA et au calcul intensif.,0000833444-25-000097,https://www.sec.gov/Archives/edgar/data/833444/000083344425000097/jci-20250930.htm
0000842023,Bio-Techne,SORT,A_EXAMINER,,indeterminee,Extraits absents ou insuffisants pour attribuer un role economique dans la chaine. Aucun verdict d'absence d'exposition ne peut etre deduit de cette couverture.,0001104659-26-100322,https://www.sec.gov/Archives/edgar/data/842023/000110465926100322/tech-20260630x10k.htm
0000849395,CRH plc,DOUTEUX,ENTRE,fournit,etablie,Croissance 2025 du segment Building & Infrastructure Solutions soutenue notamment par l'activite du marche centres de donnees. Materiaux/solutions industriels fournis ; le total du segment n'est pas une part IA.,0001628280-26-009043,https://www.sec.gov/Archives/edgar/data/849395/000162828026009043/crh-20251231.htm
0000875045,Biogen,SORT,A_EXAMINER,,indeterminee,Extraits absents ou insuffisants pour attribuer un role economique dans la chaine. Aucun verdict d'absence d'exposition ne peut etre deduit de cette couverture.,0000875045-26-000013,https://www.sec.gov/Archives/edgar/data/875045/000087504526000013/biib-20251231.htm
0000879101,Kimco Realty,SORT,A_EXAMINER,,indeterminee,Extraits absents ou insuffisants pour attribuer un role economique dans la chaine. Aucun verdict d'absence d'exposition ne peut etre deduit de cette couverture.,0001193125-26-060760,https://www.sec.gov/Archives/edgar/data/879101/000119312526060760/kim-20251231.htm
0000885725,Boston Scientific,SORT,A_EXAMINER,,indeterminee,Extraits absents ou insuffisants pour attribuer un role economique dans la chaine. Aucun verdict d'absence d'exposition ne peut etre deduit de cette couverture.,0000885725-26-000010,https://www.sec.gov/Archives/edgar/data/885725/000088572526000010/bsx-20251231.htm
0000886982,Goldman Sachs,SORT,A_EXAMINER,,indeterminee,Extraits absents ou insuffisants pour attribuer un role economique dans la chaine. Aucun verdict d'absence d'exposition ne peut etre deduit de cette couverture.,0000886982-26-000091,https://www.sec.gov/Archives/edgar/data/886982/000088698226000091/gs-20251231.htm
0000895126,Expand Energy,SORT,A_EXAMINER,,indeterminee,Extraits absents ou insuffisants pour attribuer un role economique dans la chaine. Aucun verdict d'absence d'exposition ne peut etre deduit de cette couverture.,0000895126-26-000011,https://www.sec.gov/Archives/edgar/data/895126/000089512626000011/exe-20251231.htm
0000899051,Allstate,SORT,DOUTEUX,,indeterminee,"Lien avec les centres de donnees mentionne, mais perimetre technique, activite propre ou stade de l'engagement insuffisamment etablis. Ne pas confondre intention, exposition financiere indirecte et fourniture actuelle.",0000899051-26-000031,https://www.sec.gov/Archives/edgar/data/899051/000089905126000031/all-20251231.htm
0000906163,"NVR, Inc.",SORT,A_EXAMINER,,indeterminee,Extraits absents ou insuffisants pour attribuer un role economique dans la chaine. Aucun verdict d'absence d'exposition ne peut etre deduit de cette couverture.,0000906163-26-000018,https://www.sec.gov/Archives/edgar/data/906163/000090616326000018/nvr-20251231.htm
0000910606,Regency Centers,SORT,A_EXAMINER,,indeterminee,Extraits absents ou insuffisants pour attribuer un role economique dans la chaine. Aucun verdict d'absence d'exposition ne peut etre deduit de cette couverture.,0001193125-26-051668,https://www.sec.gov/Archives/edgar/data/910606/000119312526051668/reg-20251231.htm
0000916076,Martin Marietta Materials,DOUTEUX,ENTRE,fournit,etablie,"Demande de construction non residentielle explicitement soutenue par l'expansion des centres de donnees ; fournisseur de materiaux, part non quantifiee.",0001193125-26-059193,https://www.sec.gov/Archives/edgar/data/916076/000119312526059193/mlm-20251231.htm
0001004980,PG&E Corporation,ENTRE,DOUTEUX,fournit,prospective_a_confirmer,Projection de demande ou opportunite de fourniture aux centres de donnees ; l'extrait ne suffit pas a etablir un contrat ou un investissement specifique deja engage.,0001004980-26-000009,https://www.sec.gov/Archives/edgar/data/1004980/000100498026000009/pcg-20251231.htm
0001022671,Steel Dynamics,DOUTEUX,ENTRE,fournit,etablie,Le fabricant identifie les centres de donnees parmi les moteurs effectifs de la demande de ses produits.,0001104659-26-021395,https://www.sec.gov/Archives/edgar/data/1022671/000110465926021395/stld-20251231x10k.htm
0001035443,Alexandria Real Estate Equities,SORT,DOUTEUX,,indeterminee,"Lien avec les centres de donnees mentionne, mais perimetre technique, activite propre ou stade de l'engagement insuffisamment etablis. Ne pas confondre intention, exposition financiere indirecte et fourniture actuelle.",0001035443-26-000013,https://www.sec.gov/Archives/edgar/data/1035443/000103544326000013/are-20251231.htm
0001037646,Mettler Toledo,SORT,A_EXAMINER,,indeterminee,Extraits absents ou insuffisants pour attribuer un role economique dans la chaine. Aucun verdict d'absence d'exposition ne peut etre deduit de cette couverture.,0001037646-26-000011,https://www.sec.gov/Archives/edgar/data/1037646/000103764626000011/mtd-20251231.htm
0001037868,Ametek,SORT,ENTRE,fournit,etablie,Fourniture explicite d'alimentations sans interruption et d'equipements specialises pour centres de donnees.,0001037868-26-000016,https://www.sec.gov/Archives/edgar/data/1037868/000103786826000016/ame-20251231.htm
0001039684,Oneok,ENTRE,DOUTEUX,fournit,prospective_a_confirmer,Projection de demande ou opportunite de fourniture aux centres de donnees ; l'extrait ne suffit pas a etablir un contrat ou un investissement specifique deja engage.,0001039684-26-000006,https://www.sec.gov/Archives/edgar/data/1039684/000103968426000006/oke-20251231.htm
0001047862,Consolidated Edison,ENTRE,DOUTEUX,fournit,prospective_a_confirmer,Projection de demande ou opportunite de fourniture aux centres de donnees ; l'extrait ne suffit pas a etablir un contrat ou un investissement specifique deja engage.,0001047862-26-000031,https://www.sec.gov/Archives/edgar/data/1047862/000104786226000031/ed-20251231.htm
0001051470,Crown Castle,SORT,DOUTEUX,,indeterminee,"Lien avec les centres de donnees mentionne, mais perimetre technique, activite propre ou stade de l'engagement insuffisamment etablis. Ne pas confondre intention, exposition financiere indirecte et fourniture actuelle.",0001051470-26-000016,https://www.sec.gov/Archives/edgar/data/1051470/000105147026000016/cci-20251231.htm
0001063761,Simon Property Group,SORT,A_EXAMINER,,indeterminee,Extraits absents ou insuffisants pour attribuer un role economique dans la chaine. Aucun verdict d'absence d'exposition ne peut etre deduit de cette couverture.,0001104659-26-019419,https://www.sec.gov/Archives/edgar/data/1063761/000110465926019419/spg-20251231x10k.htm
0001067701,United Rentals,SORT,A_EXAMINER,,indeterminee,Extraits absents ou insuffisants pour attribuer un role economique dans la chaine. Aucun verdict d'absence d'exposition ne peut etre deduit de cette couverture.,0001067701-26-000007,https://www.sec.gov/Archives/edgar/data/1067701/000106770126000007/uri-20251231.htm
0001067983,Berkshire Hathaway,SORT,ENTRE,fournit,etablie,"Filiales operationnelles fabriquant systemes HVAC et structures pour centres de donnees ; inclusion fondee sur une offre industrielle, pas sur les seules participations financieres du groupe.",0001193125-26-083899,https://www.sec.gov/Archives/edgar/data/1067983/000119312526083899/brka-20251231.htm
0001069202,Lennox International,DOUTEUX,ENTRE,fournit,etablie,"Produits de refroidissement utilises dans les centres de donnees ; activite industrielle presente, part non quantifiee.",0001069202-26-000028,https://www.sec.gov/Archives/edgar/data/1069202/000106920226000028/lii-20251231.htm
0001094285,Teledyne Technologies,SORT,ENTRE,vend,etablie,Le rapport relie explicitement une partie des ventes de produits au CAPEX IA et aux infrastructures de centres de donnees.,0001094285-26-000017,https://www.sec.gov/Archives/edgar/data/1094285/000109428526000017/tdy-20251228.htm
0001097864,ON Semiconductor,DOUTEUX,ENTRE,vend,etablie,Les marches servis comprennent les centres de donnees IA ; leur contribution n'est pas isolee du poste autres marches.,0001097864-26-000006,https://www.sec.gov/Archives/edgar/data/1097864/000109786426000006/on-20251231.htm
0001099219,MetLife,SORT,A_EXAMINER,,indeterminee,Extraits absents ou insuffisants pour attribuer un role economique dans la chaine. Aucun verdict d'absence d'exposition ne peut etre deduit de cette couverture.,0001099219-26-000013,https://www.sec.gov/Archives/edgar/data/1099219/000109921926000013/met-20251231.htm
0001099800,Edwards Lifesciences,SORT,A_EXAMINER,,indeterminee,Extraits absents ou insuffisants pour attribuer un role economique dans la chaine. Aucun verdict d'absence d'exposition ne peut etre deduit de cette couverture.,0001099800-26-000009,https://www.sec.gov/Archives/edgar/data/1099800/000109980026000009/ew-20251231.htm
0001120193,"Nasdaq, Inc.",SORT,DOUTEUX,utilise,indeterminee,"Lien avec les centres de donnees mentionne, mais perimetre technique, activite propre ou stade de l'engagement insuffisamment etablis. Ne pas confondre intention, exposition financiere indirecte et fourniture actuelle.",0001628280-26-007703,https://www.sec.gov/Archives/edgar/data/1120193/000162828026007703/ndaq-20251231.htm
0001138118,CBRE Group,DOUTEUX,ENTRE,fournit,etablie,"Services techniques et gestion d'installations de centres de donnees, notamment pour hyperscalers ; offre operationnelle distincte du seul courtage immobilier.",0001138118-26-000005,https://www.sec.gov/Archives/edgar/data/1138118/000113811826000005/cbre-20251231.htm
0001145197,Insulet Corporation,SORT,A_EXAMINER,,indeterminee,Extraits absents ou insuffisants pour attribuer un role economique dans la chaine. Aucun verdict d'absence d'exposition ne peut etre deduit de cette couverture.,0001145197-26-000028,https://www.sec.gov/Archives/edgar/data/1145197/000114519726000028/podd-20251231.htm
0001163165,ConocoPhillips,SORT,A_EXAMINER,,indeterminee,Extraits absents ou insuffisants pour attribuer un role economique dans la chaine. Aucun verdict d'absence d'exposition ne peut etre deduit de cette couverture.,0001163165-26-000009,https://www.sec.gov/Archives/edgar/data/1163165/000116316526000009/cop-20251231.htm
0001174922,Wynn Resorts,SORT,A_EXAMINER,,indeterminee,Extraits absents ou insuffisants pour attribuer un role economique dans la chaine. Aucun verdict d'absence d'exposition ne peut etre deduit de cette couverture.,0001174922-26-000013,https://www.sec.gov/Archives/edgar/data/1174922/000117492226000013/wynn-20251231.htm
0001176948,Ares Management,DOUTEUX,ENTRE,fournit,etablie,"Activite integree de developpement et exploitation de centres de donnees, avec plateforme operationnelle Ada Infrastructure. L'inclusion porte sur cette activite, pas sur toute la gestion d'actifs du groupe.",0001628280-26-011413,https://www.sec.gov/Archives/edgar/data/1176948/000162828026011413/ares-20251231.htm
0001260221,TransDigm Group,SORT,A_EXAMINER,,indeterminee,Extraits absents ou insuffisants pour attribuer un role economique dans la chaine. Aucun verdict d'absence d'exposition ne peut etre deduit de cette couverture.,0001260221-25-000081,https://www.sec.gov/Archives/edgar/data/1260221/000126022125000081/tdg-20250930.htm
0001274494,First Solar,SORT,DOUTEUX,fournit,prospective_a_confirmer,"L'expansion des centres de donnees et de l'IA elargit les acheteurs potentiels de modules solaires ; le passage ne documente pas une vente ou un contrat propre a ce marche. Opportunite, pas exposition realisee demontree.",0001274494-26-000021,https://www.sec.gov/Archives/edgar/data/1274494/000127449426000021/fslr-20251231.htm
0001280452,Monolithic Power Systems,SORT,ENTRE,vend,etablie,"Convertisseurs DC/DC utilises notamment dans les serveurs CPU cloud et sur site, systemes IA et memoires. Offre de composants pour capacites de calcul explicite, retrouvee grace a l'extraction du sigle AI.",0001437749-26-006113,https://www.sec.gov/Archives/edgar/data/1280452/000143774926006113/mpwr20251231_10k.htm
0001281761,Regions Financial Corporation,SORT,DOUTEUX,,indeterminee,"Lien avec les centres de donnees mentionne, mais perimetre technique, activite propre ou stade de l'engagement insuffisamment etablis. Ne pas confondre intention, exposition financiere indirecte et fourniture actuelle.",0001281761-26-000019,https://www.sec.gov/Archives/edgar/data/1281761/000128176126000019/rf-20251231.htm
0001285785,Mosaic Company (The),SORT,A_EXAMINER,,indeterminee,Extraits absents ou insuffisants pour attribuer un role economique dans la chaine. Aucun verdict d'absence d'exposition ne peut etre deduit de cette couverture.,0001285785-26-000017,https://www.sec.gov/Archives/edgar/data/1285785/000128578526000017/mos-20251231.htm
0001300514,Las Vegas Sands,SORT,A_EXAMINER,,indeterminee,Extraits absents ou insuffisants pour attribuer un role economique dans la chaine. Aucun verdict d'absence d'exposition ne peut etre deduit de cette couverture.,0001300514-26-000013,https://www.sec.gov/Archives/edgar/data/1300514/000130051426000013/lvs-20251231.htm
0001324404,CF Industries,SORT,A_EXAMINER,,indeterminee,Extraits absents ou insuffisants pour attribuer un role economique dans la chaine. Aucun verdict d'absence d'exposition ne peut etre deduit de cette couverture.,0001324404-26-000007,https://www.sec.gov/Archives/edgar/data/1324404/000132440426000007/cf-20251231.htm
0001335258,Live Nation Entertainment,SORT,A_EXAMINER,,indeterminee,Extraits absents ou insuffisants pour attribuer un role economique dans la chaine. Aucun verdict d'absence d'exposition ne peut etre deduit de cette couverture.,0001335258-26-000009,https://www.sec.gov/Archives/edgar/data/1335258/000133525826000009/lyv-20251231.htm
0001336920,Leidos,SORT,DOUTEUX,,indeterminee,"Lien avec les centres de donnees mentionne, mais perimetre technique, activite propre ou stade de l'engagement insuffisamment etablis. Ne pas confondre intention, exposition financiere indirecte et fourniture actuelle.",0001336920-26-000030,https://www.sec.gov/Archives/edgar/data/1336920/000133692026000030/ldos-20260102.htm
0001373715,ServiceNow,SORT,DOUTEUX,investit,engagement_ou_developpement_documente,"Engagement contractuel de 1,9 milliard de dollars pour etendre les centres de donnees. La capacite propre a l'IA n'est pas isolee de l'hebergement general de la plateforme ; cette frontiere motive le doute, pas le statut d'editeur.",0001373715-26-000007,https://www.sec.gov/Archives/edgar/data/1373715/000137371526000007/now-20251231.htm
0001389170,Targa Resources,SORT,A_EXAMINER,,indeterminee,Extraits absents ou insuffisants pour attribuer un role economique dans la chaine. Aucun verdict d'absence d'exposition ne peut etre deduit de cette couverture.,0001193125-26-059296,https://www.sec.gov/Archives/edgar/data/1389170/000119312526059296/trgp-20251231.htm
0001390777,BNY Mellon,SORT,A_EXAMINER,,indeterminee,Extraits absents ou insuffisants pour attribuer un role economique dans la chaine. Aucun verdict d'absence d'exposition ne peut etre deduit de cette couverture.,0001390777-26-000033,https://www.sec.gov/Archives/edgar/data/1390777/000139077726000033/bk-20251231.htm
0001396009,Vulcan Materials Company,DOUTEUX,ENTRE,fournit,etablie,"Les granulats, asphalte et beton vendus sont utilises pour la construction de centres de donnees parmi d'autres ouvrages. Fourniture industrielle amont documentee, sans attribuer tout le segment construction a l'IA.",0001628280-26-009546,https://www.sec.gov/Archives/edgar/data/1396009/000162828026009546/vmc-20251231.htm
0001402057,CDW Corporation,SORT,ENTRE,fournit,etablie,"Offre actuelle de serveurs, stockage, alimentation/refroidissement et reseaux de centres de donnees, completee par des services de colocation et d'infrastructure. La distribution technique fait partie de la chaine ; part IA non fournie.",0001402057-26-000011,https://www.sec.gov/Archives/edgar/data/1402057/000140205726000011/cdw-20251231.htm
0001404912,KKR & Co.,SORT,A_EXAMINER,,indeterminee,Extraits absents ou insuffisants pour attribuer un role economique dans la chaine. Aucun verdict d'absence d'exposition ne peut etre deduit de cette couverture.,0001404912-26-000007,https://www.sec.gov/Archives/edgar/data/1404912/000140491226000007/kkr-20251231.htm
0001410636,American Water Works,SORT,A_EXAMINER,,indeterminee,Extraits absents ou insuffisants pour attribuer un role economique dans la chaine. Aucun verdict d'absence d'exposition ne peut etre deduit de cette couverture.,0001410636-26-000034,https://www.sec.gov/Archives/edgar/data/1410636/000141063626000034/awk-20251231.htm
0001413447,NXP Semiconductors,SORT,DOUTEUX,,indeterminee,Processeurs specialises pour inference IA en peripherie ; frontiere entre equipement de calcul et puce embarquee applicative a fixer avant inclusion.,0001413447-26-000008,https://www.sec.gov/Archives/edgar/data/1413447/000141344726000008/nxpi-20251231.htm
0001466258,Trane Technologies,SORT,ENTRE,fournit,etablie,"Le catalogue de produits/services comprend HVAC, refroidissement liquide, controles et services de centres de donnees. Offre actuelle documentee ; volume vendu et part propre a l'IA non quantifies.",0001628280-26-005731,https://www.sec.gov/Archives/edgar/data/1466258/000162828026005731/tt-20251231.htm
0001467373,Accenture,SORT,DOUTEUX,,indeterminee,"Lien avec les centres de donnees mentionne, mais perimetre technique, activite propre ou stade de l'engagement insuffisamment etablis. Ne pas confondre intention, exposition financiere indirecte et fourniture actuelle.",0001467373-25-000217,https://www.sec.gov/Archives/edgar/data/1467373/000146737325000217/acn-20250831.htm
0001506307,Kinder Morgan,SORT,A_EXAMINER,,indeterminee,Extraits absents ou insuffisants pour attribuer un role economique dans la chaine. Aucun verdict d'absence d'exposition ne peut etre deduit de cette couverture.,0001506307-26-000011,https://www.sec.gov/Archives/edgar/data/1506307/000150630726000011/kmi-20251231.htm
0001521332,Aptiv,SORT,DOUTEUX,,indeterminee,"Lien avec les centres de donnees mentionne, mais perimetre technique, activite propre ou stade de l'engagement insuffisamment etablis. Ne pas confondre intention, exposition financiere indirecte et fourniture actuelle.",0001521332-26-000009,https://www.sec.gov/Archives/edgar/data/1521332/000152133226000009/aptv-20251231.htm
0001524472,Xylem Inc.,SORT,ENTRE,fournit,etablie,"Le marche industriel servi par les solutions de gestion de l'eau comprend explicitement les developpeurs et exploitants de centres de donnees. Fourniture technique presente, part IA non isolee.",0001524472-26-000012,https://www.sec.gov/Archives/edgar/data/1524472/000152447226000012/xyl-20251231.htm
0001534701,Phillips 66,SORT,A_EXAMINER,,indeterminee,Extraits absents ou insuffisants pour attribuer un role economique dans la chaine. Aucun verdict d'absence d'exposition ne peut etre deduit de cette couverture.,0001534701-26-000006,https://www.sec.gov/Archives/edgar/data/1534701/000153470126000006/psx-20251231.htm
0001699150,Ingersoll Rand,SORT,A_EXAMINER,,indeterminee,Extraits absents ou insuffisants pour attribuer un role economique dans la chaine. Aucun verdict d'absence d'exposition ne peut etre deduit de cette couverture.,0001628280-26-008617,https://www.sec.gov/Archives/edgar/data/1699150/000162828026008617/iri-20251231.htm
0001701605,Baker Hughes,SORT,ENTRE,fournit,etablie,Un milliard de dollars de commandes 2025 est explicitement lie aux applications de centres de donnees.,0001701605-26-000007,https://www.sec.gov/Archives/edgar/data/1701605/000170160526000007/bkr-20251231.htm
0001705696,Vici Properties,SORT,A_EXAMINER,,indeterminee,Extraits absents ou insuffisants pour attribuer un role economique dans la chaine. Aucun verdict d'absence d'exposition ne peut etre deduit de cette couverture.,0001705696-26-000034,https://www.sec.gov/Archives/edgar/data/1705696/000170569626000034/vici-20251231.htm
0001707925,Linde plc,SORT,A_EXAMINER,,indeterminee,Extraits absents ou insuffisants pour attribuer un role economique dans la chaine. Aucun verdict d'absence d'exposition ne peut etre deduit de cette couverture.,0001628280-26-011430,https://www.sec.gov/Archives/edgar/data/1707925/000162828026011430/lin-20251231.htm
0001751008,AppLovin,SORT,DOUTEUX,investit,indeterminee,Couts de centres de donnees associes aux ameliorations du moteur de recommandation Axon AI. Engagement de capacite propre et frontiere entre application et infrastructure insuffisamment isoles.,0001751008-26-000010,https://www.sec.gov/Archives/edgar/data/1751008/000175100826000010/app-20251231.htm
0001751788,Dow Inc.,DOUTEUX,ENTRE,vend,etablie,Fluide de transfert thermique DOWFROST LC developpe pour le refroidissement liquide direct des processeurs de centres de donnees.,0001751788-26-000018,https://www.sec.gov/Archives/edgar/data/1751788/000175178826000018/dow-20251231.htm
0001781335,Otis Worldwide,SORT,A_EXAMINER,,indeterminee,Extraits absents ou insuffisants pour attribuer un role economique dans la chaine. Aucun verdict d'absence d'exposition ne peut etre deduit de cette couverture.,0001781335-26-000011,https://www.sec.gov/Archives/edgar/data/1781335/000178133526000011/otis-20251231.htm
0001783180,Carrier Global,DOUTEUX,ENTRE,fournit,etablie,Solution Carrier QuantumLeap developpee pour le refroidissement traditionnel et liquide de centres de donnees.,0001783180-26-000008,https://www.sec.gov/Archives/edgar/data/1783180/000178318026000008/carr-20251231.htm
0001841666,APA Corporation,SORT,A_EXAMINER,,indeterminee,Extraits absents ou insuffisants pour attribuer un role economique dans la chaine. Aucun verdict d'absence d'exposition ne peut etre deduit de cette couverture.,0001841666-26-000015,https://www.sec.gov/Archives/edgar/data/1841666/000184166626000015/apa-20251231.htm
0001967680,Veralto,SORT,A_EXAMINER,,indeterminee,Extraits absents ou insuffisants pour attribuer un role economique dans la chaine. Aucun verdict d'absence d'exposition ne peut etre deduit de cette couverture.,0001967680-26-000011,https://www.sec.gov/Archives/edgar/data/1967680/000196768026000011/vlto-20251231.htm
0002011641,Ferguson Enterprises,SORT,A_EXAMINER,,indeterminee,Extraits absents ou insuffisants pour attribuer un role economique dans la chaine. Aucun verdict d'absence d'exposition ne peut etre deduit de cette couverture.,0002011641-25-000027,https://www.sec.gov/Archives/edgar/data/2011641/000201164125000027/ferg-20250731.htm
0002082247,FedEx Freight,SORT,DOUTEUX,,indeterminee,"Lien avec les centres de donnees mentionne, mais perimetre technique, activite propre ou stade de l'engagement insuffisamment etablis. Ne pas confondre intention, exposition financiere indirecte et fourniture actuelle.",0001628280-26-053359,https://www.sec.gov/Archives/edgar/data/2082247/000162828026053359/fdxf-20260531.htm
0002089271,Honeywell Aerospace,,A_EXAMINER,,indeterminee,Extraits absents ou insuffisants pour attribuer un role economique dans la chaine. Aucun verdict d'absence d'exposition ne peut etre deduit de cette couverture.,,
0002115436,ExxonMobil,,DOUTEUX,fournit,prospective_a_confirmer,"Le rapport du predecesseur verifie relie la demande energetique possible a l'expansion des centres IA, sans isoler dans le passage une fourniture ou un contrat actuel propre a ce marche. Redomiciliation verifiee, pas substitution arbitraire de societe.",0000034088-26-000045,https://www.sec.gov/Archives/edgar/data/34088/000003408826000045/xom-20251231.htm
