titre,cik,debut_brut,debut_admissible,nouveau,facteur_non_entier,facteur_non_entier_depuis_2000,recent,bande_initiale,vol_initiale,vol_suivante,signal_vehicule,statut,motif,source,decision_le
ACN,0001467373,2001-07-19,2001-07-19,True,0,0,False,0.4767932014049028,0.033900370469998484,0.01894194218779052,False,nouvelle_entrante_revue,"Nouvelle entrante : rapport, description EQUITY USD, première transaction et événements de prix examinés ; pas de changement d’instrument repéré.",https://www.sec.gov/Archives/edgar/data/1467373/000146737325000217/acn-20250831.htm,2026-09-08
ADI,0000006281,1980-03-17,1980-03-17,False,9,0,False,0.3824503589008983,0.028019478230243547,0.027272299335491933,False,depistage_sans_signal,"Facteurs non entiers uniquement avant 2000 ; pas de rendement d’événement dans la fenêtre. Dépistage, sans certification de toute l’histoire.",https://www.sec.gov/Archives/edgar/data/6281/000000628125000153/adi-20251101.htm,2026-09-08
AEE,0001002910,1998-01-02,1998-01-02,False,0,0,False,0.18923611111111116,0.014660421102342584,0.013498956080211434,False,depistage_sans_signal,Métadonnées de l’instrument et dépistage des premiers cours ; aucun raccordement identifié par ces contrôles.,https://www.sec.gov/Archives/edgar/data/1002910/000100291026000009/aee-20251231.htm,2026-09-08
AEP,0000004904,1962-01-02,1962-01-02,False,0,0,False,0.11411992263056092,0.009876111189982748,0.013302584003140688,False,depistage_sans_signal,Métadonnées de l’instrument et dépistage des premiers cours ; aucun raccordement identifié par ces contrôles.,https://www.sec.gov/Archives/edgar/data/4904/000000490426000013/aep-20251231.htm,2026-09-08
AES,0000874761,1991-06-26,1991-06-26,False,2,0,False,0.36708850938222226,0.026219618158930036,0.030117420692446013,False,depistage_sans_signal,"Facteurs non entiers uniquement avant 2000 ; pas de rendement d’événement dans la fenêtre. Dépistage, sans certification de toute l’histoire.",https://www.sec.gov/Archives/edgar/data/874761/000087476126000063/aes-20251231.htm,2026-09-08
AKAM,0001086222,1999-10-29,1999-10-29,False,0,0,False,1.256564786913474,0.0722958816605952,0.03887556899098013,False,depistage_sans_signal,Métadonnées de l’instrument et dépistage des premiers cours ; aucun raccordement identifié par ces contrôles.,https://www.sec.gov/Archives/edgar/data/1086222/000108622226000022/akam-20251231.htm,2026-09-08
AMAT,0000006951,1980-03-17,1980-03-17,False,2,0,False,0.43181610255504044,0.03886171200065032,0.030357614134427814,False,depistage_sans_signal,"Facteurs non entiers uniquement avant 2000 ; pas de rendement d’événement dans la fenêtre. Dépistage, sans certification de toute l’histoire.",https://www.sec.gov/Archives/edgar/data/6951/000162828025056742/amat-20251026.htm,2026-09-08
AMD,0000002488,1980-03-17,1980-03-17,False,1,0,False,0.3818181288537974,0.038598442911067406,0.03738438967284795,False,depistage_sans_signal,"Facteurs non entiers uniquement avant 2000 ; pas de rendement d’événement dans la fenêtre. Dépistage, sans certification de toute l’histoire.",https://www.sec.gov/Archives/edgar/data/2488/000000248826000018/amd-20251227.htm,2026-09-08
AME,0001037868,1984-07-19,1984-07-19,False,3,3,False,0.2139041626634326,0.018156706017555875,0.01786218227363804,False,facteurs_examines,"Facteurs non entiers recensés ; divisions ordinaires ou distributions du parent, pas de remplacement identifié. Les coefficients restent ceux du fournisseur.",https://www.sec.gov/Archives/edgar/data/1037868/000103786826000016/ame-20251231.htm,2026-09-08
AMT,0001053507,1998-02-27,1998-02-27,False,0,0,False,0.5714285714285714,0.037199384976471774,0.0280242926157351,False,depistage_sans_signal,Métadonnées de l’instrument et dépistage des premiers cours ; aucun raccordement identifié par ces contrôles.,https://www.sec.gov/Archives/edgar/data/1053507/000105350726000035/amt-20251231.htm,2026-09-08
AMZN,0001018724,1997-05-15,1997-05-15,False,0,0,False,0.8358120205941411,0.06004707378542007,0.034355408787666276,False,depistage_sans_signal,Métadonnées de l’instrument et dépistage des premiers cours ; aucun raccordement identifié par ces contrôles.,https://www.sec.gov/Archives/edgar/data/1018724/000101872426000004/amzn-20251231.htm,2026-09-08
ANET,0001596532,2014-06-06,2014-06-06,False,0,0,True,0.5245454268022016,0.04236007517147624,0.028470355743338883,False,revue_ciblee,"Passages de continuité du rapport courant, métadonnées et début de série examinés ; aucun autre prédécesseur détecté dans cette revue ciblée.",https://www.sec.gov/Archives/edgar/data/1596532/000159653226000013/anet-20251231.htm,2026-09-08
APD,0000002969,1980-03-17,1980-03-17,True,1,1,False,0.1800764661193739,0.022442056524883562,0.017632979381952588,False,nouvelle_entrante_revue,"Nouvelle entrante : rapport, description EQUITY USD, première transaction et événements de prix examinés ; pas de changement d’instrument repéré.",https://www.sec.gov/Archives/edgar/data/2969/000000296919000051/apd-10xkx30sep19.htm,2026-09-08
APH,0000820313,1991-11-08,1991-11-08,False,0,0,False,0.4210621454377077,0.02984784718012429,0.022525343023104702,False,operations_documentees,"Nature des opérations relue dans le registre existant ; continuité du parent conservée, sans certification des coefficients.",https://www.sec.gov/Archives/edgar/data/820313/000110465926091969/tm2622441d1_8k.htm,2026-09-08
APP,0001751008,2021-04-15,2021-04-15,True,0,0,True,0.7689994608020534,0.04087234413010249,0.04900859952335778,False,nouvelle_entrante_revue,"Nouvelle entrante : rapport, description EQUITY USD, première transaction et événements de prix examinés ; pas de changement d’instrument repéré.",https://www.sec.gov/Archives/edgar/data/1751008/000175100826000010/app-20251231.htm,2026-09-08
ARES,0001176948,2014-05-02,2014-05-02,False,0,0,True,0.15743445032046233,0.01134792870148059,0.02246088519208869,False,revue_ciblee,"Passages de continuité du rapport courant, métadonnées et début de série examinés ; aucun autre prédécesseur détecté dans cette revue ciblée.",https://www.sec.gov/Archives/edgar/data/1176948/000162828026011413/ares-20251231.htm,2026-09-08
AVGO,0001730168,2009-08-06,2009-08-06,False,0,0,False,0.2371064736152242,0.023127794657815278,0.02411074790066491,False,continuite_documentee,"Avago, prédécesseur comptable conservé ; la série ne représente pas l’ancien BRCM.",https://www.sec.gov/Archives/edgar/data/1649338/000164933816000151/avgo-10302016x10k.htm,2026-09-08
BKR,0001701605,1987-04-06,2017-07-05,False,0,0,False,0.41085271317829464,0.029717811240787057,0.025975716378459263,False,borne_appliquee,"La série antérieure suit Baker Hughes Inc., tandis que GE Oil & Gas est le prédécesseur comptable du groupe issu de la fusion. Première cotation de la classe A BHGE ; le droit transitoire du 3 juillet comprend encore le dividende spécial de 17.50 dollars.",https://www.sec.gov/Archives/edgar/data/1701605/000170160518000029/fiscalyear2017form10-k.htm|https://investors.bakerhughes.com/news/press-releases/news-details/2017/Baker-Hughes-and-GE-Oil-Gas-Complete-Combination-Creating-the-Worlds-First-and-Only-Fullstream-Oil-and-Gas-Company-07-03-2017/default.aspx,2026-09-08
BRK-B,0001067983,1996-05-09,1996-05-09,False,0,0,False,0.19402982808526215,0.017440520397799954,0.013894239920093568,False,operations_documentees,"Nature des opérations relue dans le registre existant ; continuité du parent conservée, sans certification des coefficients.",https://berkshirehathaway.com/news/jan2010.pdf,2026-09-08
CARR,0001783180,2020-03-19,2020-03-19,False,0,0,True,1.1117851750252696,0.06705140820701541,0.020184061867954173,False,continuite_documentee,Droit sur Carrier en cotation conditionnelle dès la date d’enregistrement ; aucun ancien cours UTC dans cette série.,https://ir.carrier.com/static-files/982bb9c5-2ca0-4d89-8113-21f61c0e2dec,2026-09-08
CAT,0000018230,1962-01-02,1962-01-02,False,1,0,False,0.09090887472794273,0.012287150974782206,0.018736530553954307,False,depistage_sans_signal,"Facteurs non entiers uniquement avant 2000 ; pas de rendement d’événement dans la fenêtre. Dépistage, sans certification de toute l’histoire.",https://www.sec.gov/Archives/edgar/data/18230/000001823026000008/cat-20251231.htm,2026-09-08
CBRE,0001138118,2004-06-10,2004-06-10,False,0,0,False,0.1318680757256132,0.010108084284038242,0.032365401024939136,False,depistage_sans_signal,Métadonnées de l’instrument et dépistage des premiers cours ; aucun raccordement identifié par ces contrôles.,https://www.sec.gov/Archives/edgar/data/1138118/000113811826000005/cbre-20251231.htm,2026-09-08
CDNS,0000813672,1987-06-10,1987-06-10,False,2,0,False,0.35849079826035735,0.03816127158183962,0.029216369069544723,False,depistage_sans_signal,"Facteurs non entiers uniquement avant 2000 ; pas de rendement d’événement dans la fenêtre. Dépistage, sans certification de toute l’histoire.",https://www.sec.gov/Archives/edgar/data/813672/000081367226000016/cdns-20251231.htm,2026-09-08
CDW,0001402057,2013-06-27,2013-06-27,False,0,0,True,0.30152675248834115,0.01805970751991228,0.018885497829169495,False,revue_ciblee,"Passages de continuité du rapport courant, métadonnées et début de série examinés ; aucun autre prédécesseur détecté dans cette revue ciblée.",https://www.sec.gov/Archives/edgar/data/1402057/000140205726000011/cdw-20251231.htm,2026-09-08
CEG,0001868275,2022-01-19,2022-01-19,False,0,0,True,0.5322926815589,0.03227628297976004,0.030727990555879846,False,continuite_documentee,"Nouvelle action Constellation, cotation conditionnelle du 19 janvier 2022, pas l’ancienne CEG.",https://www.nasdaqtrader.com/TraderNews.aspx?id=eca2022-5,2026-09-08
CIEN,0000936395,1997-02-07,1997-02-07,False,1,1,False,0.8999999999999999,0.06490685564536273,0.04181313609051768,False,continuite_documentee,"Regroupement 1 pour 7, même entreprise ; pas un remplacement par une société homonyme.",https://www.sec.gov/Archives/edgar/data/936395/000095013306004009/w24638e10vq.htm,2026-09-08
CMI,0000026172,1973-02-21,1973-02-21,False,0,0,False,0.3203125,0.025242602563870394,0.021739893715579276,False,depistage_sans_signal,Métadonnées de l’instrument et dépistage des premiers cours ; aucun raccordement identifié par ces contrôles.,https://www.sec.gov/Archives/edgar/data/26172/000002617226000009/cmi-20251231.htm,2026-09-08
CMS,0000811156,1973-02-21,1973-02-21,False,0,0,False,0.05882352941176472,0.006804342575521441,0.017762309843324456,False,depistage_sans_signal,Métadonnées de l’instrument et dépistage des premiers cours ; aucun raccordement identifié par ces contrôles.,https://www.sec.gov/Archives/edgar/data/811156/000081115626000004/cms-20251231.htm,2026-09-08
CNP,0001130310,1962-01-02,1962-01-02,False,2,1,False,0.10392610047320594,0.0086515376424526,0.017289598325470994,False,operations_documentees,"Nature des opérations relue dans le registre existant ; continuité du parent conservée, sans certification des coefficients.",https://investors.centerpointenergy.com/news-releases/news-release-details/reliant-energy-establishes-distribution-ratio|https://investors.centerpointenergy.com/corporate-transactions|https://www.sec.gov/Archives/edgar/data/1188303/000119312504152157/dprem14c.htm,2026-09-08
COHR,0000820318,1987-10-02,1987-10-02,False,0,0,False,0.7930994385435888,0.05726694574283953,0.03842627034209445,False,continuite_documentee,"II-VI, acquéreur comptable de Coherent en 2022 ; continuité du parent conservée.",https://www.sec.gov/Archives/edgar/data/820318/000119312522211867/d353059dex991.htm,2026-09-08
CRH,0000849395,1989-07-13,1989-07-13,False,0,0,False,0.6166666348775227,0.06912484723040427,0.023873315156674787,False,depistage_sans_signal,Métadonnées de l’instrument et dépistage des premiers cours ; aucun raccordement identifié par ces contrôles.,https://www.sec.gov/Archives/edgar/data/849395/000162828026009043/crh-20251231.htm,2026-09-08
CSCO,0000858877,1990-02-16,1990-02-16,False,2,0,False,0.18181936996854953,0.028132256663822408,0.024561815819779627,False,depistage_sans_signal,"Facteurs non entiers uniquement avant 2000 ; pas de rendement d’événement dans la fenêtre. Dépistage, sans certification de toute l’histoire.",https://www.sec.gov/Archives/edgar/data/858877/000085887726000132/csco-20260725.htm,2026-09-08
CVX,0000093410,1962-01-02,1962-01-02,False,1,0,False,0.1223530969365243,0.011167316206793782,0.016172933523001313,False,depistage_sans_signal,"Facteurs non entiers uniquement avant 2000 ; pas de rendement d’événement dans la fenêtre. Dépistage, sans certification de toute l’histoire.",https://www.sec.gov/Archives/edgar/data/93410/000009341026000078/cvx-20251231.htm,2026-09-08
D,0000715957,1980-03-17,1980-03-17,False,1,0,False,0.28,0.018285739614869664,0.013563447481524278,False,depistage_sans_signal,"Facteurs non entiers uniquement avant 2000 ; pas de rendement d’événement dans la fenêtre. Dépistage, sans certification de toute l’histoire.",https://www.sec.gov/Archives/edgar/data/715957/000119312526063120/d-20251231.htm,2026-09-08
DELL,0001571996,2016-08-17,2018-12-26,False,2,2,True,0.17684204183904617,0.01676955247797507,0.02866267971787209,False,borne_appliquee,"Début des échanges sous condition de la classe C, puis marché régulier le 28 décembre. Le segment antérieur n'est pas assimilé à cette action.",https://www.dell.com/en-us/dt/corporate/newsroom/20181228.htm,2026-09-08
DLR,0001297996,2004-10-29,2004-10-29,False,0,0,False,0.1616666316986084,0.011551065763167171,0.020591841237620305,False,depistage_sans_signal,Métadonnées de l’instrument et dépistage des premiers cours ; aucun raccordement identifié par ces contrôles.,https://www.sec.gov/Archives/edgar/data/1297996/000110465926015365/dlr-20251231x10k.htm,2026-09-08
DOV,0000029905,1980-03-17,1980-03-17,False,2,2,False,0.12878790165007836,0.014345236734487518,0.01767876426238169,False,operations_documentees,"Nature des opérations relue dans le registre existant ; continuité du parent conservée, sans certification des coefficients.",https://investor.knowles.com/news/news-details/2014/Knowles-Corporation-Debuts-as-Independent-Public-Company-Following-Spin-Off-from-Dover-Corporation-03-03-2014/default.aspx|https://www.sec.gov/Archives/edgar/data/29905/000002990518000043/a2018063010-q.htm,2026-09-08
DOW,0001751788,2019-03-20,2019-03-20,False,0,0,True,0.2769461340415813,0.022834831895946886,0.024423123568204665,False,continuite_documentee,"Nouvelle action Dow, cotation conditionnelle dès le 20 mars 2019 ; pas le cours de DowDuPont.",https://www.sec.gov/Archives/edgar/data/1751788/000119312519077434/d718799dex991.htm,2026-09-08
DTE,0000936340,1962-01-02,1962-01-02,False,1,1,False,0.07760531145906513,0.008006995401497387,0.01282818431933338,False,operations_documentees,"Nature des opérations relue dans le registre existant ; continuité du parent conservée, sans certification des coefficients.",https://www.dteenergy.com/us/en/newsroom/2021/DTE-Energy-Completes-Spin-Off-of-DT-Midstream.html,2026-09-08
DUK,0001326160,1980-03-17,1980-03-17,False,2,2,False,0.2881355102433194,0.01935390194537261,0.013495745021939618,False,continuite_documentee,"Scission Spectra puis acquisition Progress ; continuation du parent Duke, pas série de Spectra.",https://www.sec.gov/Archives/edgar/data/1326160/000119312507177636/d10q.htm|https://news.duke-energy.com/releases/duke-energy-progress-energy-complete-merger,2026-09-08
ECL,0000031462,1973-02-21,1973-02-21,False,0,0,False,0.16788321167883202,0.016127002434248403,0.016809061953358028,False,depistage_sans_signal,Métadonnées de l’instrument et dépistage des premiers cours ; aucun raccordement identifié par ces contrôles.,https://www.sec.gov/Archives/edgar/data/31462/000110465926018357/ecl-20251231x10k.htm,2026-09-08
EME,0000105634,1995-01-10,1995-01-10,False,0,0,False,1.0625,0.06594523011871438,0.022999734711579338,False,depistage_sans_signal,Métadonnées de l’instrument et dépistage des premiers cours ; aucun raccordement identifié par ces contrôles.,https://www.sec.gov/Archives/edgar/data/105634/000010563426000025/eme-20251231.htm,2026-09-08
EMR,0000032604,1972-06-01,1972-06-01,True,0,0,False,0.09774416836670241,0.008042096127148162,0.016792551290607215,False,nouvelle_entrante_revue,"Nouvelle entrante : rapport, description EQUITY USD, première transaction et événements de prix examinés ; pas de changement d’instrument repéré.",https://www.sec.gov/Archives/edgar/data/32604/000003260425000087/emr-20250930.htm,2026-09-08
EQIX,0001101239,2000-08-11,2000-08-11,False,1,1,False,2.9242424242424243,0.10196548113894535,0.03619133164221743,False,continuite_documentee,"Regroupement 1 pour 32 concomitant à des acquisitions, poursuite d’Equinix.",https://investor.equinix.com/sec-filings/all-sec-filings/content/0001012870-03-000008/dex991.htm,2026-09-08
ETN,0001551182,1972-06-01,1972-06-01,False,3,1,False,0.12797626828118847,0.013011207934699683,0.01783655946913139,False,operations_documentees,"Nature des opérations relue dans le registre existant ; continuité du parent conservée, sans certification des coefficients.",https://www.sec.gov/Archives/edgar/data/31277/000115752311000401/a6586529ex99.htm|https://www.sec.gov/Archives/edgar/data/1113232/000111323201500010/form10q.htm|https://investor.axcelis.com/shareholder-services/investor-faqs,2026-09-08
ETR,0000065984,1972-06-01,1972-06-01,False,0,0,False,0.16129032258064524,0.013468438437839748,0.015510650709431063,False,depistage_sans_signal,Métadonnées de l’instrument et dépistage des premiers cours ; aucun raccordement identifié par ces contrôles.,https://www.sec.gov/Archives/edgar/data/65984/000006598426000174/etr-20251231.htm,2026-09-08
EVRG,0001711269,1973-02-21,1973-02-21,False,0,0,False,0.08290155440414515,0.010474815640919314,0.013789327680154487,False,continuite_documentee,"Westar, prédécesseur comptable ; cours témoin du 1 juin 2018 : 55.080002 Yahoo contre 55.08 dans le dépôt, échange 1 pour 1.",https://www.sec.gov/Archives/edgar/data/1711269/000171126919000013/evrg-12312018x10k.htm|https://investors.evergy.com/static-files/72a6695c-c9fc-4b08-b096-293e68d4d66e,2026-09-08
EXPD,0000746515,1984-09-26,1984-09-26,True,1,0,False,0.15516871760453577,0.018838708426810992,0.02219908266344609,False,nouvelle_entrante_revue,"Nouvelle entrante : rapport, description EQUITY USD, première transaction et événements de prix examinés ; pas de changement d’instrument repéré.",https://www.sec.gov/Archives/edgar/data/746515/000119312526071569/expd-20251231.htm,2026-09-08
FAST,0000815556,1987-08-20,1987-08-20,False,1,0,False,0.7228884747226187,0.05164597031296723,0.022018532241823343,False,depistage_sans_signal,"Facteurs non entiers uniquement avant 2000 ; pas de rendement d’événement dans la fenêtre. Dépistage, sans certification de toute l’histoire.",https://www.sec.gov/Archives/edgar/data/815556/000081555626000009/fast-20251231.htm,2026-09-08
FE,0001031296,1997-11-10,1997-11-10,False,0,0,False,0.16873449131513651,0.008526206062167203,0.015752149353070607,False,depistage_sans_signal,Métadonnées de l’instrument et dépistage des premiers cours ; aucun raccordement identifié par ces contrôles.,https://www.sec.gov/Archives/edgar/data/1031296/000103129626000046/fe-20251231.htm,2026-09-08
FIX,0001035983,1997-06-27,1997-06-27,False,0,0,False,0.3360000000000001,0.023729812394711426,0.029748135100825697,False,depistage_sans_signal,Métadonnées de l’instrument et dépistage des premiers cours ; aucun raccordement identifié par ces contrôles.,https://www.sec.gov/Archives/edgar/data/1035983/000110465926017530/fix-20251231x10k.htm,2026-09-08
FLEX,0000866374,1994-03-18,1994-03-18,False,1,1,False,0.5263153337443405,0.04427365007562227,0.034255850836795165,False,operations_documentees,"Nature des opérations relue dans le registre existant ; continuité du parent conservée, sans certification des coefficients.",https://www.nasdaqtrader.com/TraderNews.aspx?id=ECA2023-752,2026-09-08
FSLR,0001274494,2006-11-17,2006-11-17,True,0,0,False,0.8284552375908947,0.04433545136689826,0.03740047080362964,False,nouvelle_entrante_revue,"Nouvelle entrante : rapport, description EQUITY USD, première transaction et événements de prix examinés ; pas de changement d’instrument repéré.",https://www.sec.gov/Archives/edgar/data/1274494/000127449426000021/fslr-20251231.htm,2026-09-08
GD,0000040533,1962-01-02,1962-01-02,False,1,0,False,0.21757325715217846,0.022265708868448274,0.01895476999334545,False,depistage_sans_signal,"Facteurs non entiers uniquement avant 2000 ; pas de rendement d’événement dans la fenêtre. Dépistage, sans certification de toute l’histoire.",https://www.sec.gov/Archives/edgar/data/40533/000004053326000006/gd-20251231.htm,2026-09-08
GEV,0001996810,2024-03-27,2024-03-27,False,0,0,True,0.46348827865061537,0.032930211775894266,0.033669327023021466,False,continuite_documentee,Action GE Vernova négociée sous condition dès le 27 mars 2024 ; aucun ancien cours GE.,https://www.gevernova.com/news/press-releases/ge-board-of-directors-approves-spin-off-of-ge-vernova-ge-vernova-and-ge-aerospace-to,2026-09-08
GLW,0000024741,1981-12-31,1981-12-31,False,0,0,False,0.24179100072312942,0.012335859129145263,0.026265025425253094,False,depistage_sans_signal,Métadonnées de l’instrument et dépistage des premiers cours ; aucun raccordement identifié par ces contrôles.,https://www.sec.gov/Archives/edgar/data/24741/000002474126000124/glw-20251231.htm,2026-09-08
GNRC,0001474735,2010-02-11,2010-02-11,False,0,0,False,0.19937690307787226,0.017406402363231734,0.02781561041112921,False,depistage_sans_signal,Métadonnées de l’instrument et dépistage des premiers cours ; aucun raccordement identifié par ces contrôles.,https://www.sec.gov/Archives/edgar/data/1474735/000143774926004568/gnrc20251231_10k.htm,2026-09-08
GOOG,0001652044,2004-08-19,2014-04-03,False,2,2,False,0.9601043144072836,0.037152224809932285,0.019048444514854747,False,borne_appliquee,La classe C ne cote sous GOOG en marché régulier qu'à partir de cette date. L'historique antérieur sous ce symbole ne constitue pas une deuxième classe négociable.,https://www.nasdaqtrader.com/TraderNews.aspx?id=ETA2014-24,2026-09-08
GOOGL,0001652044,2004-08-19,2004-08-19,False,1,1,False,0.9601038628288188,0.03715221847098808,0.019063553623340005,False,operations_documentees,"Nature des opérations relue dans le registre existant ; continuité du parent conservée, sans certification des coefficients.",https://www.sec.gov/Archives/edgar/data/1288776/000128877615000021/googq12015exhibit991.htm|https://www.miaxglobal.com/sites/default/files/alert-files/GOOGL_Split__50542.pdf,2026-09-08
HAL,0000045012,1972-06-01,1972-06-01,False,1,0,False,0.24137933231201747,0.012046409234598744,0.025296462906266557,False,depistage_sans_signal,"Facteurs non entiers uniquement avant 2000 ; pas de rendement d’événement dans la fenêtre. Dépistage, sans certification de toute l’histoire.",https://www.sec.gov/Archives/edgar/data/45012/000004501226000015/hal-20251231.htm,2026-09-08
HD,0000354950,1981-09-22,1981-09-22,True,10,0,False,1.000033284807479,0.07661858932845192,0.022024401308378627,False,nouvelle_entrante_revue,"Nouvelle entrante : rapport, description EQUITY USD, première transaction et événements de prix examinés ; pas de changement d’instrument repéré.",https://ir.homedepot.com/stock-information/dividend-history,2026-09-08
HPE,0001645590,2015-10-19,2015-10-19,False,2,2,True,0.3333333333333335,0.029860555372426375,0.02385971587269046,False,continuite_documentee,"HPE WI en octobre 2015, pas une reprise de HPQ ; scissions ultérieures du parent documentées.",https://www.sec.gov/Archives/edgar/data/47217/000119312515334592/d88067dex991.htm,2026-09-08
HUBB,0000048898,1972-06-05,1972-06-05,False,6,0,False,0.09952625708165552,0.008499653696380264,0.017563504172940583,False,continuite_documentee,Réunification des classes de la même entreprise ; conversion 1 pour 1. Le filtrage des cours figés est distinct de cette continuité.,https://hubbell.gcs-web.com/news-releases/news-release-details/hubbell-announces-shareholder-approval-and-completion-previously,2026-09-08
HWM,0000004281,2016-11-01,2016-11-01,False,0,0,True,0.7547386472469275,0.025562036083796102,0.02500506496911433,False,continuite_documentee,"Arconic, parent renommé Howmet ; scissions sans remplacement de la lignée. Historique disponible seulement depuis novembre 2016.",https://www.sec.gov/Archives/edgar/data/4281/000000428121000049/arnc-20201231.htm,2026-09-08
IBM,0000051143,1962-01-02,1962-01-02,False,4,1,False,0.09852455210253286,0.009610244061293747,0.016244867049835982,False,operations_documentees,"Nature des opérations relue dans le registre existant ; continuité du parent conservée, sans certification des coefficients.",https://www.ibm.com/investor/services/faqs-about-the-kyndryl-holdings-inc-distribution,2026-09-08
IEX,0000832101,1989-06-02,1989-06-02,False,4,2,False,0.1504428408534697,0.012076167484612776,0.01754462752885348,False,facteurs_examines,"Facteurs non entiers recensés ; divisions ordinaires ou distributions du parent, pas de remplacement identifié. Les coefficients restent ceux du fournisseur.",https://www.sec.gov/Archives/edgar/data/832101/000083210126000003/iex-20251231.htm,2026-09-08
INTC,0000050863,1980-03-17,1980-03-17,False,1,0,False,0.24091142938440613,0.019378050002028073,0.026305290226363392,False,depistage_sans_signal,"Facteurs non entiers uniquement avant 2000 ; pas de rendement d’événement dans la fenêtre. Dépistage, sans certification de toute l’histoire.",https://www.sec.gov/Archives/edgar/data/50863/000005086326000011/intc-20251227.htm,2026-09-08
IRM,0001020569,1996-02-01,1996-02-01,False,5,4,False,0.18181813864569918,0.026253099011775853,0.02002378039480337,False,operations_documentees,"Nature des opérations relue dans le registre existant ; continuité du parent conservée, sans certification des coefficients.",https://investors.ironmountain.com/news/news-details/2014/Iron-Mountain-Announces-Results-of-the-Special-Distribution/default.aspx,2026-09-08
ITW,0000049826,1973-03-13,1973-03-13,True,0,0,False,0.5801117044899298,0.026292037133755195,0.017286759774352345,False,nouvelle_entrante_revue,"Nouvelle entrante : rapport, description EQUITY USD, première transaction et événements de prix examinés ; pas de changement d’instrument repéré.",https://www.sec.gov/Archives/edgar/data/49826/000004982626000008/itw-20251231.htm,2026-09-08
JBL,0000898293,1993-05-03,1993-05-03,False,0,0,False,0.4181818181818182,0.040119072049877406,0.03517795700197557,False,depistage_sans_signal,Métadonnées de l’instrument et dépistage des premiers cours ; aucun raccordement identifié par ces contrôles.,https://www.sec.gov/Archives/edgar/data/898293/000162828025045293/jbl-20250831.htm,2026-09-08
JCI,0000833444,1987-09-28,2016-09-06,False,3,3,False,0.671755608179587,0.051500802253889984,0.02269232853253599,False,borne_appliquee,La série avant fusion représente Tyco ; Johnson Controls Inc. est le prédécesseur comptable du groupe combiné. Première séance après conversion des actions Tyco et changement de symbole.,https://www.sec.gov/Archives/edgar/data/833444/000083344417000007/q1fy1710-q.htm,2026-09-08
KEYS,0001601046,2014-10-20,2014-10-20,False,0,0,True,0.24601772612175066,0.014135515083670482,0.020316085865045734,False,continuite_documentee,Action conditionnelle KEYS WI dès le 20 octobre 2014 ; aucun cours Agilent antérieur.,https://www.miaxglobal.com/sites/default/files/alert-files/A_Distribution_35327.pdf,2026-09-08
KLAC,0000319201,1980-10-08,1980-10-08,False,1,0,False,0.3873902992636409,0.03381773871290144,0.032284184974593864,False,depistage_sans_signal,"Facteurs non entiers uniquement avant 2000 ; pas de rendement d’événement dans la fenêtre. Dépistage, sans certification de toute l’histoire.",https://www.sec.gov/Archives/edgar/data/319201/000031920126000027/klac-20260630.htm,2026-09-08
LDOS,0001336920,2006-10-17,2006-10-17,True,1,1,False,0.17718591082144775,0.021918128739257053,0.017743887013729594,False,nouvelle_entrante_revue,"Nouvelle entrante : rapport, description EQUITY USD, première transaction et événements de prix examinés ; pas de changement d’instrument repéré.",https://investors.leidos.com/node/8436/html|https://investors.leidos.com/node/8691/html,2026-09-08
LII,0001069202,1999-07-29,1999-07-29,False,0,0,False,0.43457943925233655,0.029036406102638152,0.022022169180982678,False,depistage_sans_signal,Métadonnées de l’instrument et dépistage des premiers cours ; aucun raccordement identifié par ces contrôles.,https://www.sec.gov/Archives/edgar/data/1069202/000106920226000028/lii-20251231.htm,2026-09-08
LITE,0001633978,2015-07-23,2015-07-23,False,0,0,True,0.62283744446167,0.049041816320478396,0.03582805070231786,False,continuite_documentee,Droit sur Lumentum sous LITEV dès le 23 juillet 2015 ; aucun ancien cours JDSU.,https://www.sec.gov/Archives/edgar/data/1633978/000119312515251781/d870553dex991.htm,2026-09-08
LNT,0000352541,1973-02-21,1973-02-21,False,0,0,False,0.03870967741935494,0.003878989418390807,0.01298593961128928,False,depistage_sans_signal,Métadonnées de l’instrument et dépistage des premiers cours ; aucun raccordement identifié par ces contrôles.,https://www.sec.gov/Archives/edgar/data/352541/000035254126000007/lnt-20251231.htm,2026-09-08
LRCX,0000707549,1984-05-04,1984-05-04,False,1,0,False,0.2121222416578883,0.021453319968763096,0.0352367311018235,False,depistage_sans_signal,"Facteurs non entiers uniquement avant 2000 ; pas de rendement d’événement dans la fenêtre. Dépistage, sans certification de toute l’histoire.",https://www.sec.gov/Archives/edgar/data/707549/000070754926000037/lrcx-20260628.htm,2026-09-08
MCHP,0000827054,1993-03-19,1993-03-19,False,6,3,False,0.7192997434913515,0.034788508730683614,0.030213829240453308,False,facteurs_examines,"Facteurs non entiers recensés ; divisions ordinaires ou distributions du parent, pas de remplacement identifié. Les coefficients restent ceux du fournisseur.",https://www.sec.gov/Archives/edgar/data/827054/000082705426000016/mchp-20260331.htm,2026-09-08
META,0001326801,2012-05-18,2012-05-18,False,0,0,False,0.9076845207434623,0.04163102830281585,0.024687597779968526,False,depistage_sans_signal,Métadonnées de l’instrument et dépistage des premiers cours ; aucun raccordement identifié par ces contrôles.,https://www.sec.gov/Archives/edgar/data/1326801/000162828026003942/meta-20251231.htm,2026-09-08
MLM,0000916076,1994-02-17,1994-02-17,False,0,0,False,0.2547770700636942,0.025683125537805242,0.020235605659187646,False,depistage_sans_signal,Métadonnées de l’instrument et dépistage des premiers cours ; aucun raccordement identifié par ces contrôles.,https://www.sec.gov/Archives/edgar/data/916076/000119312526059193/mlm-20251231.htm,2026-09-08
MMM,0000066740,1962-01-02,1962-01-02,False,1,1,False,0.11776433393264085,0.013090593516712419,0.014891893613269922,False,operations_documentees,"Nature des opérations relue dans le registre existant ; continuité du parent conservée, sans certification des coefficients.",https://investors.3m.com/financials/sec-filings/content/0000066740-24-000044/mmm-20240401.htm,2026-09-08
MPWR,0001280452,2004-11-19,2004-11-19,False,0,0,False,0.788122040002734,0.03614452885237601,0.0298846875039752,False,depistage_sans_signal,Métadonnées de l’instrument et dépistage des premiers cours ; aucun raccordement identifié par ces contrôles.,https://www.sec.gov/Archives/edgar/data/1280452/000143774926006113/mpwr20251231_10k.htm,2026-09-08
MRVL,0001835632,2000-06-30,2000-06-30,False,0,0,False,1.3502170767004342,0.06710650830106876,0.035374160674857255,False,revue_ciblee,"Passages de continuité du rapport courant, métadonnées et début de série examinés ; aucun autre prédécesseur détecté dans cette revue ciblée.",https://www.sec.gov/Archives/edgar/data/1835632/000183563226000011/mrvl-20260131.htm,2026-09-08
MSFT,0000789019,1986-03-13,1986-03-13,False,2,0,False,0.3461529954671605,0.023218600728111567,0.02095702228036362,False,depistage_sans_signal,"Facteurs non entiers uniquement avant 2000 ; pas de rendement d’événement dans la fenêtre. Dépistage, sans certification de toute l’histoire.",https://www.sec.gov/Archives/edgar/data/789019/000119312526323660/msft-20260630.htm,2026-09-08
MU,0000723125,1984-06-01,1984-06-01,False,1,0,False,1.4285715380493498,0.04998923751065321,0.03823771279327274,False,depistage_sans_signal,"Facteurs non entiers uniquement avant 2000 ; pas de rendement d’événement dans la fenêtre. Dépistage, sans certification de toute l’histoire.",https://www.sec.gov/Archives/edgar/data/723125/000072312525000028/mu-20250828.htm,2026-09-08
NDAQ,0001120193,2002-07-01,2002-07-01,True,0,0,False,0.6666668204851096,0.038982852808421724,0.023054399544674236,False,nouvelle_entrante_revue,"Nouvelle entrante : rapport, description EQUITY USD, première transaction et événements de prix examinés ; pas de changement d’instrument repéré.",https://www.sec.gov/Archives/edgar/data/1120193/000162828026007703/ndaq-20251231.htm,2026-09-08
NDSN,0000072331,1980-03-18,1980-03-18,True,2,0,False,0.232558448228404,0.015047988035629142,0.021401582118943774,False,nouvelle_entrante_revue,"Nouvelle entrante : rapport, description EQUITY USD, première transaction et événements de prix examinés ; pas de changement d’instrument repéré.",https://www.sec.gov/Archives/edgar/data/72331/000007233125000144/ndsn-20251031.htm,2026-09-08
NEE,0000753308,1973-02-21,1973-02-21,True,0,0,False,0.19924834975622652,0.016727780564461038,0.013804724424026476,False,nouvelle_entrante_revue,"Nouvelle entrante : rapport, description EQUITY USD, première transaction et événements de prix examinés ; pas de changement d’instrument repéré.",https://www.sec.gov/Archives/edgar/data/753308/000075330826000015/nee-20251231.htm,2026-09-08
NI,0001111711,1973-02-21,1973-02-21,False,1,1,False,0.1395349336018572,0.01167529486934352,0.01458856965863694,False,operations_documentees,"Nature des opérations relue dans le registre existant ; continuité du parent conservée, sans certification des coefficients.",https://www.prnewswire.com/news-releases/nisource-columbia-pipeline-group-complete-separation-300107971.html,2026-09-08
NOW,0001373715,2012-06-29,2012-06-29,True,0,0,False,0.7005054995953715,0.034317040907635814,0.02635841561618655,False,nouvelle_entrante_revue,"Nouvelle entrante : rapport, description EQUITY USD, première transaction et événements de prix examinés ; pas de changement d’instrument repéré.",https://www.sec.gov/Archives/edgar/data/1373715/000137371526000007/now-20251231.htm,2026-09-08
NRG,0001013871,2003-12-02,2003-12-02,False,0,0,False,0.2445770118364221,0.01901700850508839,0.024620198391703114,False,depistage_sans_signal,Métadonnées de l’instrument et dépistage des premiers cours ; aucun raccordement identifié par ces contrôles.,https://www.sec.gov/Archives/edgar/data/1013871/000101387126000004/nrg-20251231.htm,2026-09-08
NTAP,0001002047,1995-11-21,1995-11-21,False,0,0,False,0.9573174453363187,0.06776407476007179,0.03504706503124238,False,depistage_sans_signal,Métadonnées de l’instrument et dépistage des premiers cours ; aucun raccordement identifié par ces contrôles.,https://www.sec.gov/Archives/edgar/data/1002047/000119312526259683/ntap-20260424.htm,2026-09-08
NUE,0000073309,1980-03-17,1980-03-17,False,1,0,False,0.48425292211958393,0.032467939802880035,0.022603770929883086,False,depistage_sans_signal,"Facteurs non entiers uniquement avant 2000 ; pas de rendement d’événement dans la fenêtre. Dépistage, sans certification de toute l’histoire.",https://www.sec.gov/Archives/edgar/data/73309/000119312526071575/nue-20251231.htm,2026-09-08
NVDA,0001045810,1999-01-22,1999-01-22,False,1,1,False,0.3286520450684123,0.04512154255832602,0.03722579493027922,False,facteurs_examines,"Facteurs non entiers recensés ; divisions ordinaires ou distributions du parent, pas de remplacement identifié. Les coefficients restent ceux du fournisseur.",https://www.sec.gov/Archives/edgar/data/1045810/000104581026000021/nvda-20260125.htm,2026-09-08
NXPI,0001413447,2010-08-06,2010-08-06,True,0,0,False,0.31086138576375055,0.023480072184171308,0.027162878092271563,False,nouvelle_entrante_revue,"Nouvelle entrante : rapport, description EQUITY USD, première transaction et événements de prix examinés ; pas de changement d’instrument repéré.",https://www.sec.gov/Archives/edgar/data/1413447/000141344726000008/nxpi-20251231.htm,2026-09-08
O,0000726728,1994-10-18,1994-10-18,False,1,1,False,0.14754088203986004,0.01749418684970162,0.01735510119540205,False,operations_documentees,"Nature des opérations relue dans le registre existant ; continuité du parent conservée, sans certification des coefficients.",https://www.realtyincome.com/investors/press-releases/realty-income-completes-spin-orion-office-reit,2026-09-08
ON,0001097864,2000-05-02,2000-05-02,False,0,0,False,0.3368055555555556,0.04665150638002768,0.03820473829611026,False,depistage_sans_signal,Métadonnées de l’instrument et dépistage des premiers cours ; aucun raccordement identifié par ces contrôles.,https://www.sec.gov/Archives/edgar/data/1097864/000109786426000006/on-20251231.htm,2026-09-08
ORCL,0001341439,1986-03-12,1986-03-12,False,4,0,False,0.461543565686799,0.03451494593938237,0.02941733743480192,False,depistage_sans_signal,"Facteurs non entiers uniquement avant 2000 ; pas de rendement d’événement dans la fenêtre. Dépistage, sans certification de toute l’histoire.",https://www.sec.gov/Archives/edgar/data/1341439/000119312526277521/orcl-20260531.htm,2026-09-08
PH,0000076334,1980-03-17,1980-03-17,True,4,1,False,0.12499992456287212,0.019495761771024973,0.020064341993041412,False,nouvelle_entrante_revue,"Nouvelle entrante : rapport, description EQUITY USD, première transaction et événements de prix examinés ; pas de changement d’instrument repéré.",https://www.sec.gov/Archives/edgar/data/76334/000007633426000105/ph-20260630.htm,2026-09-08
PLD,0001045609,1997-11-21,2011-06-03,False,0,0,False,0.10439560439560447,0.01044760169122102,0.022629156076159652,False,borne_appliquee,"Les cours de janvier et mai 2011 du cliché sont ceux de AMB (32.86, 32.93 et 36.36 dollars), pas ceux du prédécesseur comptable ProLogis (14.70, 15.21 et 16.29). Admission du groupe combiné au début de cotation sous PLD.",https://ir.prologis.com/financials/sec-filings/content/0000950123-11-043952/d81723sv4.htm|https://www.sec.gov/Archives/edgar/data/1045609/000119312514070012/R11.htm|https://www.prnewswire.com/news-releases/amb-property-corporation-and-prologis-close-merger-123094473.html,2026-09-08
PNW,0000764622,1973-02-21,1973-02-21,False,0,0,False,0.16129032258064524,0.016488838515664055,0.016934642427846893,False,depistage_sans_signal,Métadonnées de l’instrument et dépistage des premiers cours ; aucun raccordement identifié par ces contrôles.,https://www.sec.gov/Archives/edgar/data/764622/000076462226000011/pnw-20251231.htm,2026-09-08
PPL,0000922224,1980-03-17,1980-03-17,False,1,1,False,0.38135583807735607,0.020492804591604286,0.013809302995912744,False,operations_documentees,"Nature des opérations relue dans le registre existant ; continuité du parent conservée, sans certification des coefficients.",https://www.pplweb.com/wp-content/uploads/2015/06/PPL-Form-8397-Signed-v6-Talen-website-addition-2015-06-04.pdf,2026-09-08
PWR,0001050915,1998-02-12,1998-02-12,False,1,1,False,0.5444444020589194,0.036710626857414615,0.031224228227323618,False,facteurs_examines,"Facteurs non entiers recensés ; divisions ordinaires ou distributions du parent, pas de remplacement identifié. Les coefficients restent ceux du fournisseur.",https://www.sec.gov/Archives/edgar/data/1050915/000105091526000006/pwr-20251231.htm,2026-09-08
Q,0002058873,2025-10-27,2025-10-27,False,0,0,True,0.396518842394493,0.03264137786381996,0.03676110763633343,False,continuite_documentee,"Nouvelle action Qnity sous condition dès le 27 octobre 2025, sans prolongement par DuPont.",https://www.dupont.com/news/dupont-board-of-directors-approves-qnity-distribution.html,2026-09-08
QCOM,0000804328,1991-12-13,1991-12-13,True,0,0,False,0.6000000000000001,0.05098530142145124,0.03034011872428876,False,nouvelle_entrante_revue,"Nouvelle entrante : rapport, description EQUITY USD, première transaction et événements de prix examinés ; pas de changement d’instrument repéré.",https://www.sec.gov/Archives/edgar/data/804328/000080432825000085/qcom-20250928.htm,2026-09-08
SBAC,0001034054,1999-06-16,1999-06-16,True,0,0,False,0.7050359712230216,0.05262544159861879,0.03515995837792594,False,continuite_documentee,"Même classe A depuis juin 1999 ; conversion fiscale REIT sans remplacement de l’activité. Le cours figé du 17 janvier 2017 est porté, pas traité comme rendement observé nul.",https://ir.sbasite.com/English/Investors-overview/news-events/news-details/2016/SBA-Communications-Corporation-Board-Approves-REIT-Conversion/default.aspx,2026-09-08
SLB,0000087347,1981-12-31,1981-12-31,False,0,0,False,0.38819875776397517,0.028395958470767986,0.022712078320580663,False,depistage_sans_signal,Métadonnées de l’instrument et dépistage des premiers cours ; aucun raccordement identifié par ces contrôles.,https://www.sec.gov/Archives/edgar/data/87347/000119312526021017/slb-20251231.htm,2026-09-08
SMCI,0001375365,2007-03-29,2007-03-29,False,0,0,False,0.3047945473452425,0.034231732251599506,0.04001750312225681,False,depistage_sans_signal,Métadonnées de l’instrument et dépistage des premiers cours ; aucun raccordement identifié par ces contrôles.,https://www.sec.gov/Archives/edgar/data/1375365/000137536526000022/smci-20260630.htm,2026-09-08
SNDK,0002023554,2025-02-13,2025-02-13,False,0,0,True,0.9047939422815199,0.07056209946542026,0.06641320144547147,False,revue_ciblee,"Passages de continuité du rapport courant, métadonnées et début de série examinés ; aucun autre prédécesseur détecté dans cette revue ciblée.",https://www.sec.gov/Archives/edgar/data/2023554/000162828026057406/sndk-20260703.htm,2026-09-08
SNPS,0000883241,1992-02-26,1992-02-26,False,0,0,False,0.38613861386138604,0.033311678105446954,0.025391341718345076,False,depistage_sans_signal,Métadonnées de l’instrument et dépistage des premiers cours ; aucun raccordement identifié par ces contrôles.,https://www.sec.gov/Archives/edgar/data/883241/000088324125000028/snps-20251031.htm,2026-09-08
SO,0000092122,1981-12-31,1981-12-31,False,1,1,False,0.09782602277152175,0.012923870708276252,0.012772739318517535,False,continuite_documentee,"Scission Mirant, continuation du parent Southern.",https://southerncompany.mediaroom.com/index.php?item=1591&s=34171,2026-09-08
SRE,0001032208,1998-06-29,1998-06-29,False,0,0,False,0.18701298701298708,0.013781630057781203,0.015758705804234985,False,depistage_sans_signal,Métadonnées de l’instrument et dépistage des premiers cours ; aucun raccordement identifié par ces contrôles.,https://www.sec.gov/Archives/edgar/data/1032208/000103220826000010/sre-20251231.htm,2026-09-08
STLD,0001022671,1996-11-22,1996-11-22,False,0,0,False,0.40714285714285725,0.030739816705374463,0.029585170801601186,False,depistage_sans_signal,Métadonnées de l’instrument et dépistage des premiers cours ; aucun raccordement identifié par ces contrôles.,https://www.sec.gov/Archives/edgar/data/1022671/000110465926021395/stld-20251231x10k.htm,2026-09-08
STX,0001137789,2002-12-11,2002-12-11,False,0,0,False,0.5632754001852687,0.037045931841746406,0.02923290895955705,False,revue_ciblee,"Passages de continuité du rapport courant, métadonnées et début de série examinés ; aucun autre prédécesseur détecté dans cette revue ciblée.",https://www.sec.gov/Archives/edgar/data/1137789/000113778926000159/stx-20260703.htm,2026-09-08
SWKS,0000004127,1984-09-07,2002-06-26,False,1,0,False,0.8831171687849138,0.03690970065088249,0.03978829560272651,False,borne_appliquee,"La série antérieure suit Alpha Industries. Le rapprochement est une acquisition inversée avec Washington/Mexicali, activité sans fil de Conexant, comme prédécesseur comptable. Première cotation du groupe combiné Skyworks.",https://www.sec.gov/Archives/edgar/data/4127/000000412703000006/secondquarter.htm|https://investors.skyworksinc.com/news-releases/news-release-details/alpha-and-conexants-wireless-business-complete-merger-skyworks,2026-09-08
TDY,0001094285,1999-11-23,1999-11-23,False,0,0,False,0.32283464566929143,0.0441874890925096,0.024240600337409775,False,revue_ciblee,"Passages de continuité du rapport courant, métadonnées et début de série examinés ; aucun autre prédécesseur détecté dans cette revue ciblée.",https://www.sec.gov/Archives/edgar/data/1094285/000109428526000017/tdy-20251228.htm,2026-09-08
TEL,0001385157,2007-06-14,2007-06-14,False,0,0,False,0.24191057903106228,0.019649757858858835,0.019862397447344058,False,revue_ciblee,"Passages de continuité du rapport courant, métadonnées et début de série examinés ; aucun autre prédécesseur détecté dans cette revue ciblée.",https://www.sec.gov/Archives/edgar/data/1385157/000110465925109150/tel-20250926x10k.htm,2026-09-08
TER,0000097210,1973-02-21,1973-02-21,False,0,0,False,0.462264726746757,0.04047566007867173,0.03230122791955407,False,depistage_sans_signal,Métadonnées de l’instrument et dépistage des premiers cours ; aucun raccordement identifié par ces contrôles.,https://www.sec.gov/Archives/edgar/data/97210/000119312526059002/ter-20251231.htm,2026-09-08
TPL,0001811074,1980-03-17,1980-03-17,False,0,0,False,0.5499985355150476,0.04052923388111429,0.022223411623424262,False,continuite_documentee,"Transformation du trust en société, mêmes actifs et échange 1 pour 1 ; pas un véhicule en attente.",https://www.texaspacific.com/investors/sec-filings/all-sec-filings/content/0001811074-22-000052/0001811074-22-000052.pdf,2026-09-08
TSLA,0001318605,2010-06-29,2010-06-29,False,0,0,False,0.5120260325998263,0.04641044950568779,0.0359795843072246,False,depistage_sans_signal,Métadonnées de l’instrument et dépistage des premiers cours ; aucun raccordement identifié par ces contrôles.,https://www.sec.gov/Archives/edgar/data/1318605/000162828026003952/tsla-20251231.htm,2026-09-08
TT,0001466258,1980-03-17,1980-03-17,False,4,2,False,0.18059283089665157,0.019884718630916374,0.02001399798384605,False,continuite_documentee,"Ancien Ingersoll-Rand, parent qui conserve le génie climatique après séparation de ses activités industrielles ; pas une série Gardner Denver.",https://investors.tranetechnologies.com/news-and-events/news-releases/news-release-details/2020/Trane-Technologies-Completes-Reverse-Morris-Trust-Transaction-and-Begins-Trading-Today-on-NYSE/default.aspx,2026-09-08
TXN,0000097476,1972-06-01,1972-06-01,False,0,0,False,0.19321738773817398,0.015359392097365978,0.02375137834680894,False,depistage_sans_signal,Métadonnées de l’instrument et dépistage des premiers cours ; aucun raccordement identifié par ces contrôles.,https://www.sec.gov/Archives/edgar/data/97476/000009747626000059/txn-20251231.htm,2026-09-08
VMC,0001396009,1973-02-21,1973-02-21,False,0,0,False,0.09803951487821716,0.01289726518374693,0.01773098759442608,False,depistage_sans_signal,Métadonnées de l’instrument et dépistage des premiers cours ; aucun raccordement identifié par ces contrôles.,https://www.sec.gov/Archives/edgar/data/1396009/000162828026009546/vmc-20251231.htm,2026-09-08
VRT,0001674101,2018-08-02,2020-02-10,False,0,0,True,0.029896903871691638,0.003916582149906275,0.03547427158088826,True,borne_appliquee,Début de cotation de Vertiv après la fusion. L'historique antérieur appartient au véhicule d'acquisition GSAH et ne décrit pas l'entreprise industrielle.,https://www.vertiv.com/en-emea/about/news-and-events/news-releases/2020/vertiv-lists-on-the-new-york-stock-exchange/,2026-09-08
VST,0001692819,2016-10-05,2016-10-05,False,0,0,True,0.2058822910678444,0.027775064748176804,0.026717632161642354,False,continuite_documentee,"Actions après réorganisation, cotées OTC depuis octobre 2016 ; aucun segment de l’ancienne action annulée dans le cliché.",https://www.sec.gov/Archives/edgar/data/1692819/000119312517164412/d312912d424b3.htm,2026-09-08
WDC,0000106040,1978-10-31,1978-10-31,False,1,1,False,1.272728649140189,0.07708877975291209,0.03776900305135133,False,operations_documentees,"Nature des opérations relue dans le registre existant ; continuité du parent conservée, sans certification des coefficients.",https://investor.wdc.com/static-files/ccceedf3-a9ac-4a5b-9306-f177c9389399,2026-09-08
WEC,0000783325,1980-03-17,1980-03-17,False,2,0,False,0.2704406623754916,0.016691848381191223,0.01215538851155602,False,depistage_sans_signal,"Facteurs non entiers uniquement avant 2000 ; pas de rendement d’événement dans la fenêtre. Dépistage, sans certification de toute l’histoire.",https://www.sec.gov/Archives/edgar/data/783325/000078332526000018/wec-20251231.htm,2026-09-08
WMB,0000107263,1981-12-31,1981-12-31,False,3,2,False,0.5771816220309343,0.04070691513364642,0.02891462991237043,False,continuite_documentee,"Distributions Williams Communications et WPX, continuation du parent Williams.",https://investor.williams.com/stock-information/dividend-history,2026-09-08
XEL,0000072903,1973-02-21,1973-02-21,False,0,0,False,0.06912442396313367,0.008897716593918276,0.014058852770336848,False,depistage_sans_signal,Métadonnées de l’instrument et dépistage des premiers cours ; aucun raccordement identifié par ces contrôles.,https://www.sec.gov/Archives/edgar/data/72903/000007290326000009/xel-20251231.htm,2026-09-08
XYL,0001524472,2011-10-13,2011-10-13,False,0,0,False,0.1873912811279297,0.020066348185417783,0.01647253015214015,False,depistage_sans_signal,Métadonnées de l’instrument et dépistage des premiers cours ; aucun raccordement identifié par ces contrôles.,https://www.sec.gov/Archives/edgar/data/1524472/000152447226000012/xyl-20251231.htm,2026-09-08
