fichier,test,date,detail,titre,nasdaq,yahoo,rn,ry,ecart_r,statut,dans_historique_admissible
AES.csv,variation quotidienne extreme,2001-09-26,-49.5 %,AES,,,,,,non_corroboré,True
AES.csv,variation quotidienne extreme,2002-02-19,-32.1 %,AES,,,,,,non_corroboré,True
AES.csv,variation quotidienne extreme,2002-07-29,+41.0 %,AES,,,,,,non_corroboré,True
AES.csv,variation quotidienne extreme,2002-08-22,+30.7 %,AES,,,,,,non_corroboré,True
AES.csv,variation quotidienne extreme,2002-10-31,+39.4 %,AES,,,,,,non_corroboré,True
AKAM.csv,variation quotidienne extreme,2000-04-18,+30.7 %,AKAM,,,,,,non_corroboré,True
AKAM.csv,variation quotidienne extreme,2000-10-19,+30.8 %,AKAM,,,,,,non_corroboré,True
AKAM.csv,variation quotidienne extreme,2000-12-05,+42.5 %,AKAM,,,,,,non_corroboré,True
AKAM.csv,variation quotidienne extreme,2001-04-19,+39.4 %,AKAM,,,,,,non_corroboré,True
AKAM.csv,variation quotidienne extreme,2002-11-21,+45.7 %,AKAM,,,,,,non_corroboré,True
AKAM.csv,variation quotidienne extreme,2003-04-23,+35.6 %,AKAM,,,,,,non_corroboré,True
AKAM.csv,variation quotidienne extreme,2003-10-30,+34.2 %,AKAM,,,,,,non_corroboré,True
AMD.csv,variation quotidienne extreme,2002-10-03,-32.4 %,AMD,,,,,,non_corroboré,True
AMD.csv,variation quotidienne extreme,2016-04-22,+52.3 %,AMD,,,,,,non_corroboré,True
AMT.csv,variation quotidienne extreme,2001-11-06,-35.4 %,AMT,,,,,,non_corroboré,True
AMT.csv,variation quotidienne extreme,2002-11-18,+34.7 %,AMT,,,,,,non_corroboré,True
AMZN.csv,variation quotidienne extreme,2001-04-09,+33.6 %,AMZN,,,,,,non_corroboré,True
AMZN.csv,variation quotidienne extreme,2001-11-14,+30.2 %,AMZN,,,,,,non_corroboré,True
AMZN.csv,variation quotidienne extreme,2001-11-26,+34.5 %,AMZN,,,,,,non_corroboré,True
APP.csv,variation quotidienne extreme,2022-05-12,+34.7 %,APP,36.74,36.7400016784668,0.346774193548387,0.3467742211770648,-2.7628677790048073e-08,rendement_prix_concordant,True
APP.csv,variation quotidienne extreme,2024-11-07,+46.3 %,APP,246.53,246.52999877929688,0.4626520320379708,0.4626519983128876,3.3725083170565995e-08,rendement_prix_concordant,True
CBRE.csv,variation quotidienne extreme,2008-11-13,+43.0 %,CBRE,,,,,,non_corroboré,True
CBRE.csv,variation quotidienne extreme,2008-11-24,+45.0 %,CBRE,,,,,,non_corroboré,True
CBRE.csv,variation quotidienne extreme,2009-03-25,+64.0 %,CBRE,,,,,,non_corroboré,True
CDNS.csv,variation quotidienne extreme,2008-01-31,-33.0 %,CDNS,,,,,,non_corroboré,True
CDNS.csv,variation quotidienne extreme,2008-07-24,-30.8 %,CDNS,,,,,,non_corroboré,True
CIEN.csv,variation quotidienne extreme,2001-08-16,-30.2 %,CIEN,,,,,,non_corroboré,True
CNP.csv,variation quotidienne extreme,2002-07-23,-42.2 %,CNP,,,,,,non_corroboré,True
CNP.csv,variation quotidienne extreme,2002-07-24,-31.6 %,CNP,,,,,,non_corroboré,True
CNP.csv,variation quotidienne extreme,2002-07-25,+63.0 %,CNP,,,,,,non_corroboré,True
COHR.csv,variation quotidienne extreme,2000-03-02,+71.4 %,COHR,,,,,,non_corroboré,True
COHR.csv,variation quotidienne extreme,2000-08-18,+66.5 %,COHR,,,,,,non_corroboré,True
DELL.csv,variation quotidienne extreme,2024-03-01,+31.6 %,DELL,124.59,124.58999633789062,0.3161842383266429,0.3161841487204766,8.960616626474405e-08,rendement_prix_concordant,True
DELL.csv,variation quotidienne extreme,2026-05-29,+32.8 %,DELL,420.91,420.9100036621094,0.3275824002523262,0.32758246291736315,-6.266503693730385e-08,rendement_prix_concordant,True
EQIX.csv,variation quotidienne extreme,2000-10-13,+45.8 %,EQIX,,,,,,non_corroboré,True
EQIX.csv,variation quotidienne extreme,2001-04-06,-42.4 %,EQIX,,,,,,non_corroboré,True
EQIX.csv,variation quotidienne extreme,2001-04-09,+54.9 %,EQIX,,,,,,non_corroboré,True
EQIX.csv,variation quotidienne extreme,2001-05-02,+31.1 %,EQIX,,,,,,non_corroboré,True
EQIX.csv,variation quotidienne extreme,2001-07-16,+32.0 %,EQIX,,,,,,non_corroboré,True
EQIX.csv,variation quotidienne extreme,2002-09-27,+32.0 %,EQIX,,,,,,non_corroboré,True
EQIX.csv,variation quotidienne extreme,2003-01-07,+36.5 %,EQIX,,,,,,non_corroboré,True
EQIX.csv,variation quotidienne extreme,2003-05-05,+32.8 %,EQIX,,,,,,non_corroboré,True
EQIX.csv,variation quotidienne extreme,2010-10-06,-33.1 %,EQIX,,,,,,non_corroboré,True
FIX.csv,variation quotidienne extreme,2001-05-10,+30.0 %,FIX,,,,,,non_corroboré,True
FLEX.csv,variation quotidienne extreme,2018-10-26,-35.0 %,FLEX,5.1573,5.342878818511963,-0.35013041999017125,-0.35013743309590317,7.013105731923375e-06,rendement_prix_concordant,True
FLEX.csv,variation quotidienne extreme,2026-05-06,+39.7 %,FLEX,134.73,134.72999572753906,0.39688958009331254,0.39688957999489616,9.841638615171178e-11,rendement_prix_concordant,True
FSLR.csv,variation quotidienne extreme,2007-11-08,+34.3 %,FSLR,,,,,,non_corroboré,True
FSLR.csv,variation quotidienne extreme,2008-02-13,+30.1 %,FSLR,,,,,,non_corroboré,True
FSLR.csv,variation quotidienne extreme,2013-04-09,+45.5 %,FSLR,,,,,,non_corroboré,True
GLW.csv,variation quotidienne extreme,2002-07-31,-35.2 %,GLW,,,,,,non_corroboré,True
HAL.csv,variation quotidienne extreme,2001-12-07,-42.4 %,HAL,,,,,,non_corroboré,True
HAL.csv,variation quotidienne extreme,2020-03-09,-37.6 %,HAL,8.15,8.149999618530273,-0.37643458301453714,-0.3764345976413672,1.4626830080466391e-08,rendement_prix_concordant,True
JBL.csv,variation quotidienne extreme,2009-03-25,+36.5 %,JBL,,,,,,non_corroboré,True
JCI.csv,variation quotidienne extreme,2002-06-07,-30.8 %,JCI,,,,,,non_corroboré,False
JCI.csv,variation quotidienne extreme,2002-06-13,+36.0 %,JCI,,,,,,non_corroboré,False
JCI.csv,variation quotidienne extreme,2002-07-26,+45.8 %,JCI,,,,,,non_corroboré,False
JCI.csv,variation quotidienne extreme,2007-07-02,-53.4 %,JCI,,,,,,erreur_scission_corrigée_source_SEC,False
LITE.csv,variation quotidienne extreme,2018-11-12,-33.0 %,LITE,37.5,37.5,-0.3297587131367292,-0.3297587222762022,9.139472956221084e-09,rendement_prix_concordant,True
MRVL.csv,variation quotidienne extreme,2000-10-17,-30.2 %,MRVL,,,,,,non_corroboré,True
MRVL.csv,variation quotidienne extreme,2001-09-27,-32.1 %,MRVL,,,,,,non_corroboré,True
MRVL.csv,variation quotidienne extreme,2023-05-26,+32.4 %,MRVL,65.51,65.51000213623047,0.3242369112593493,0.3242369217653187,-1.050596942775428e-08,rendement_prix_concordant,True
MRVL.csv,variation quotidienne extreme,2026-06-02,+32.5 %,MRVL,290.79,290.7900085449219,0.32520621610536393,0.32520629928005595,-8.317469202268057e-08,rendement_prix_concordant,True
NTAP.csv,variation quotidienne extreme,2000-04-25,+35.8 %,NTAP,,,,,,non_corroboré,True
NTAP.csv,variation quotidienne extreme,2000-12-05,+40.9 %,NTAP,,,,,,non_corroboré,True
NVDA.csv,variation quotidienne extreme,2000-03-07,+42.4 %,NVDA,,,,,,non_corroboré,True
NVDA.csv,variation quotidienne extreme,2001-01-03,+30.7 %,NVDA,,,,,,non_corroboré,True
NVDA.csv,variation quotidienne extreme,2002-07-31,-31.8 %,NVDA,,,,,,non_corroboré,True
NVDA.csv,variation quotidienne extreme,2003-05-09,+33.1 %,NVDA,,,,,,non_corroboré,True
NVDA.csv,variation quotidienne extreme,2004-08-06,-35.2 %,NVDA,,,,,,non_corroboré,True
NVDA.csv,variation quotidienne extreme,2008-07-03,-30.7 %,NVDA,,,,,,non_corroboré,True
ON.csv,variation quotidienne extreme,2002-01-03,+55.6 %,ON,,,,,,non_corroboré,True
ORCL.csv,variation quotidienne extreme,2025-09-10,+35.9 %,ORCL,328.33,328.3299865722656,0.35948821994948443,0.35948819527206854,2.4677415888518794e-08,rendement_prix_concordant,True
PLD.csv,variation quotidienne extreme,2008-11-12,-30.1 %,PLD,,,,,,non_corroboré,False
PWR.csv,variation quotidienne extreme,2002-07-02,-68.1 %,PWR,,,,,,non_corroboré,True
PWR.csv,variation quotidienne extreme,2003-08-06,-30.8 %,PWR,,,,,,non_corroboré,True
SBAC.csv,variation quotidienne extreme,2002-02-25,-35.3 %,SBAC,,,,,,non_corroboré,True
SBAC.csv,variation quotidienne extreme,2002-03-07,+45.5 %,SBAC,,,,,,non_corroboré,True
SBAC.csv,variation quotidienne extreme,2002-06-17,+32.2 %,SBAC,,,,,,non_corroboré,True
SBAC.csv,variation quotidienne extreme,2002-10-04,-48.8 %,SBAC,,,,,,non_corroboré,True
SBAC.csv,variation quotidienne extreme,2002-11-04,+34.2 %,SBAC,,,,,,non_corroboré,True
SBAC.csv,variation quotidienne extreme,2002-11-19,+36.4 %,SBAC,,,,,,non_corroboré,True
SBAC.csv,variation quotidienne extreme,2002-11-25,+33.9 %,SBAC,,,,,,non_corroboré,True
SMCI.csv,variation quotidienne extreme,2018-10-04,-41.1 %,SMCI,1.26,1.2599999904632568,-0.4112149532710281,-0.4112149865900697,3.3319041636836744e-08,rendement_prix_concordant,True
SMCI.csv,variation quotidienne extreme,2022-05-04,+31.2 %,SMCI,5.672,5.671999931335449,0.31205181586860964,0.3120518138784212,1.9901884584783147e-09,rendement_prix_concordant,True
SMCI.csv,variation quotidienne extreme,2024-01-19,+35.9 %,SMCI,42.336,42.33599853515625,0.3593629591574621,0.3593629514175434,7.739918705951254e-09,rendement_prix_concordant,True
SMCI.csv,variation quotidienne extreme,2024-02-22,+32.9 %,SMCI,97.552,97.552001953125,0.3287385755342769,0.32873860545138456,-2.991710768007749e-08,rendement_prix_concordant,True
SMCI.csv,variation quotidienne extreme,2024-10-30,-32.7 %,SMCI,33.07,33.06999969482422,-0.3267508143322475,-0.3267508059052944,-8.426953135298731e-09,rendement_prix_concordant,True
SMCI.csv,variation quotidienne extreme,2024-11-19,+31.2 %,SMCI,28.27,28.270000457763672,0.3124419684308264,0.3124419338991269,3.453169949985124e-08,rendement_prix_concordant,True
SMCI.csv,variation quotidienne extreme,2026-03-20,-33.3 %,SMCI,20.53,20.530000686645508,-0.33322507307567384,-0.33322507060101236,-2.474661475737605e-09,rendement_prix_concordant,True
SNPS.csv,variation quotidienne extreme,2004-08-19,-31.2 %,SNPS,,,,,,non_corroboré,True
SNPS.csv,variation quotidienne extreme,2025-09-10,-35.8 %,SNPS,387.78,387.7799987792969,-0.3583731819911644,-0.3583731788271417,-3.1640227105000918e-09,rendement_prix_concordant,True
SWKS.csv,variation quotidienne extreme,2000-10-19,+35.7 %,SWKS,,,,,,non_corroboré,False
SWKS.csv,variation quotidienne extreme,2000-12-05,+31.4 %,SWKS,,,,,,non_corroboré,False
SWKS.csv,variation quotidienne extreme,2001-04-18,+31.5 %,SWKS,,,,,,non_corroboré,False
SWKS.csv,variation quotidienne extreme,2006-10-03,+35.4 %,SWKS,,,,,,non_corroboré,True
SWKS.csv,variation quotidienne extreme,2009-02-06,+34.9 %,SWKS,,,,,,non_corroboré,True
TDY.csv,variation quotidienne extreme,2000-03-28,+41.5 %,TDY,,,,,,non_corroboré,True
VRT.csv,variation quotidienne extreme,2022-02-23,-36.7 %,VRT,12.38,12.380000114440918,-0.3673990802248339,-0.36739906451224313,-1.5712590784033864e-08,rendement_prix_concordant,True
WDC.csv,variation quotidienne extreme,2000-01-19,+30.5 %,WDC,,,,,,non_corroboré,True
WDC.csv,variation quotidienne extreme,2000-03-09,+31.5 %,WDC,,,,,,non_corroboré,True
WDC.csv,variation quotidienne extreme,2000-03-13,+39.8 %,WDC,,,,,,non_corroboré,True
WDC.csv,variation quotidienne extreme,2000-12-04,-32.1 %,WDC,,,,,,non_corroboré,True
WMB.csv,variation quotidienne extreme,2002-07-22,-61.0 %,WMB,,,,,,non_corroboré,True
WMB.csv,variation quotidienne extreme,2002-07-23,-40.8 %,WMB,,,,,,non_corroboré,True
WMB.csv,variation quotidienne extreme,2002-07-29,+101.0 %,WMB,,,,,,non_corroboré,True
WMB.csv,variation quotidienne extreme,2002-08-01,+40.7 %,WMB,,,,,,non_corroboré,True
WMB.csv,variation quotidienne extreme,2002-08-05,-32.1 %,WMB,,,,,,non_corroboré,True
WMB.csv,variation quotidienne extreme,2016-01-14,+34.4 %,WMB,,,,,,non_corroboré,True
WMB.csv,variation quotidienne extreme,2016-02-08,-34.8 %,WMB,,,,,,non_corroboré,True
XEL.csv,variation quotidienne extreme,2002-07-26,-36.8 %,XEL,,,,,,non_corroboré,True
