cik,nom,symboles,secteur,canal,degre,annee_recente,fin_exercice_recent,ca_md,mult_ventes,base_annees_ventes,base_periodes_ventes,base_n_ventes,base_repli_ventes,statut_ventes,fin_ventes,source_ventes,capex_md,mult_capex,base_annees_capex,base_periodes_capex,base_n_capex,base_repli_capex,statut_capex,fin_capex,source_capex,rd_md,mult_recherche,base_annees_recherche,base_periodes_recherche,base_n_recherche,base_repli_recherche,statut_recherche,fin_recherche,source_recherche,nb_multiples,couverture_comptes,motif_couverture,base_repli_utilisee,mult_depenses,corroboration
0000874761,AES Corporation,AES,Utilities,fournit,non_quantifie,2025,2025-12-31,12.233,1.1667143538388174,2017;2018;2019,2017-01-01/2017-12-31;2018-01-01/2018-12-31;2019-01-01/2019-12-31,3,,comparable_sur_reference,2025-12-31,https://www.sec.gov/Archives/edgar/data/874761/000087476126000063/0000874761-26-000063-index.htm,5.929,2.653587945695957,2017;2018;2019,2017-01-01/2017-12-31;2018-01-01/2018-12-31;2019-01-01/2019-12-31,3,,comparable_sur_reference,2025-12-31,https://www.sec.gov/Archives/edgar/data/874761/000087476126000063/0000874761-26-000063-index.htm,,,,,0,,valeur_recente_manquante,,,2,observation partielle,rd: valeur_recente_manquante,,2.653587945695957,doublement observe
0000002488,Advanced Micro Devices,AMD,Information Technology,vend,non_quantifie,2025,2025-12-27,34.639,5.245948811146449,2018;2019,2017-12-31/2018-12-29;2018-12-30/2019-12-28,2,,comparable_sur_reference,2025-12-27,https://www.sec.gov/Archives/edgar/data/2488/000000248826000018/0000002488-26-000018-index.htm,0.974,,,,0,,recent_non_reconcilie,2025-12-27,https://www.sec.gov/Archives/edgar/data/2488/000000248826000018/0000002488-26-000018-index.htm,8.091,5.8111084510414175,2017;2018;2019,2017-01-01/2017-12-30;2017-12-31/2018-12-29;2018-12-30/2019-12-28,3,,comparable_sur_reference,2025-12-27,https://www.sec.gov/Archives/edgar/data/2488/000000248826000018/0000002488-26-000018-index.htm,2,observation partielle,capex: recent_non_reconcilie,,5.8111084510414175,doublement observe
0001086222,Akamai Technologies,AKAM,Information Technology,vend,non_quantifie,2025,2025-12-31,4.208175,,,,0,,recent_non_reconcilie,2025-12-31,https://www.sec.gov/Archives/edgar/data/1086222/000108622226000022/0001086222-26-000022-index.htm,0.507786,1.8322320073320166,2017;2018;2019,2017-01-01/2017-12-31;2018-01-01/2018-12-31;2019-01-01/2019-12-31,3,,comparable_sur_reference,2025-12-31,https://www.sec.gov/Archives/edgar/data/1086222/000108622226000022/0001086222-26-000022-index.htm,0.51356,2.110624633543572,2017;2018;2019,2017-01-01/2017-12-31;2018-01-01/2018-12-31;2019-01-01/2019-12-31,3,,comparable_sur_reference,2025-12-31,https://www.sec.gov/Archives/edgar/data/1086222/000108622226000022/0001086222-26-000022-index.htm,2,observation partielle,chiffre_affaires: recent_non_reconcilie,,2.110624633543572,doublement observe
0001652044,Alphabet Inc. (Class A),GOOG|GOOGL,Communication Services,depense et vend,non_quantifie,2025,2025-12-31,402.836,5.714391091566778,2014;2015,2014-01-01/2014-12-31;2015-01-01/2015-12-31,2,oui,comparable_sur_repli,2025-12-31,https://www.sec.gov/Archives/edgar/data/1652044/000165204426000018/0001652044-26-000018-index.htm,91.447,4.434080587027848,2017;2018;2019,2017-01-01/2017-12-31;2018-01-01/2018-12-31;2019-01-01/2019-12-31,3,,comparable_sur_reference,2025-12-31,https://www.sec.gov/Archives/edgar/data/1652044/000165204426000018/0001652044-26-000018-index.htm,61.087,2.8606818394680156,2017;2018;2019,2017-01-01/2017-12-31;2018-01-01/2018-12-31;2019-01-01/2019-12-31,3,,comparable_sur_reference,2025-12-31,https://www.sec.gov/Archives/edgar/data/1652044/000165204426000018/0001652044-26-000018-index.htm,3,trois mesures comparables,,oui,4.434080587027848,doublement observe
0001018724,Amazon,AMZN,Consumer Discretionary,depense et vend,non_quantifie,2025,2025-12-31,716.924,2.7927987238244754,2018;2019,2018-01-01/2018-12-31;2019-01-01/2019-12-31,2,,comparable_sur_reference,2025-12-31,https://www.sec.gov/Archives/edgar/data/1018724/000101872426000004/0001018724-26-000004-index.htm,131.819,9.361480008522122,2017;2018;2019,2017-01-01/2017-12-31;2018-01-01/2018-12-31;2019-01-01/2019-12-31,3,,comparable_sur_reference,2025-12-31,https://www.sec.gov/Archives/edgar/data/1018724/000101872426000004/0001018724-26-000004-index.htm,,,,,0,,valeur_recente_manquante,,,2,observation partielle,rd: valeur_recente_manquante,,9.361480008522122,doublement observe
0000820313,Amphenol,APH,Information Technology,vend,non_quantifie,2025,2025-12-31,23.0947,2.955970254322979,2017;2018;2019,2017-01-01/2017-12-31;2018-01-01/2018-12-31;2019-01-01/2019-12-31,3,,comparable_sur_reference,2025-12-31,https://www.sec.gov/Archives/edgar/data/820313/000110465926013549/0001104659-26-013549-index.htm,0.9966,3.592645998558039,2017;2018;2019,2017-01-01/2017-12-31;2018-01-01/2018-12-31;2019-01-01/2019-12-31,3,,comparable_sur_reference,2025-12-31,https://www.sec.gov/Archives/edgar/data/820313/000110465926013549/0001104659-26-013549-index.htm,0.647,2.991676942046856,2017;2018;2019,2017-01-01/2017-12-31;2018-01-01/2018-12-31;2019-01-01/2019-12-31,3,,comparable_sur_reference,2025-12-31,https://www.sec.gov/Archives/edgar/data/820313/000110465926013549/0001104659-26-013549-index.htm,3,trois mesures comparables,,,3.592645998558039,doublement observe
0000006281,Analog Devices,ADI,Information Technology,vend,non_quantifie,2025,2025-11-01,11.019707,1.9009128850733918,2019;2020,2018-11-04/2019-11-02;2019-11-03/2020-10-31,2,oui,comparable_sur_repli,2025-11-01,https://www.sec.gov/Archives/edgar/data/6281/000000628125000153/0000006281-25-000153-index.htm,0.533552,2.1797027559215953,2017;2018;2019,2016-10-30/2017-10-28;2017-10-29/2018-11-03;2018-11-04/2019-11-02,3,,comparable_sur_reference,2025-11-01,https://www.sec.gov/Archives/edgar/data/6281/000000628125000153/0000006281-25-000153-index.htm,1.766001,1.623397439825857,2017;2018;2019,2016-10-30/2017-10-28;2017-10-29/2018-11-03;2018-11-04/2019-11-02,3,,comparable_sur_reference,2025-11-01,https://www.sec.gov/Archives/edgar/data/6281/000000628125000153/0000006281-25-000153-index.htm,3,trois mesures comparables,,oui,2.1797027559215953,doublement observe
0000006951,Applied Materials,AMAT,Information Technology,fournit,non_quantifie,2025,2025-10-26,28.368,1.8118992111902406,2018;2019,2017-10-30/2018-10-28;2018-10-29/2019-10-27,2,,comparable_sur_reference,2025-10-26,https://www.sec.gov/Archives/edgar/data/6951/000162828025056742/0001628280-25-056742-index.htm,2.26,4.815340909090909,2017;2018;2019,2016-10-31/2017-10-29;2017-10-30/2018-10-28;2018-10-29/2019-10-27,3,,comparable_sur_reference,2025-10-26,https://www.sec.gov/Archives/edgar/data/6951/000162828025056742/0001628280-25-056742-index.htm,3.57,1.828581184906949,2017;2018;2019,2016-10-31/2017-10-29;2017-10-30/2018-10-28;2018-10-29/2019-10-27,3,,comparable_sur_reference,2025-10-26,https://www.sec.gov/Archives/edgar/data/6951/000162828025056742/0001628280-25-056742-index.htm,3,trois mesures comparables,,,4.815340909090909,doublement observe
0001596532,Arista Networks,ANET,Information Technology,vend,non_quantifie,2025,2025-12-31,9.0057,3.948071875188374,2018;2019,2018-01-01/2018-12-31;2019-01-01/2019-12-31,2,,comparable_sur_reference,2025-12-31,https://www.sec.gov/Archives/edgar/data/1596532/000159653226000013/0001596532-26-000013-index.htm,0.1195,2.983025461807289,2020;2021,2020-01-01/2020-12-31;2021-01-01/2021-12-31,2,oui,comparable_sur_repli,2025-12-31,https://www.sec.gov/Archives/edgar/data/1596532/000159653226000013/0001596532-26-000013-index.htm,1.2373,2.958111156890106,2017;2018;2019,2017-01-01/2017-12-31;2018-01-01/2018-12-31;2019-01-01/2019-12-31,3,,comparable_sur_reference,2025-12-31,https://www.sec.gov/Archives/edgar/data/1596532/000159653226000013/0001596532-26-000013-index.htm,3,trois mesures comparables,,oui,2.983025461807289,doublement observe
0001730168,Broadcom,AVGO,Information Technology,vend,non_quantifie,2025,2025-11-02,63.887,3.1378169971022087,2017;2018;2019,2016-10-31/2017-10-29;2017-10-30/2018-11-04;2018-11-05/2019-11-03,3,,comparable_sur_reference,2025-11-02,https://www.sec.gov/Archives/edgar/data/1730168/000173016825000121/0001730168-25-000121-index.htm,0.623,0.875,2017;2018;2019,2016-10-31/2017-10-29;2017-10-30/2018-11-04;2018-11-05/2019-11-03,3,,comparable_sur_reference,2025-11-02,https://www.sec.gov/Archives/edgar/data/1730168/000173016825000121/0001730168-25-000121-index.htm,10.977,2.7988271290158084,2017;2018;2019,2016-10-31/2017-10-29;2017-10-30/2018-11-04;2018-11-05/2019-11-03,3,,comparable_sur_reference,2025-11-02,https://www.sec.gov/Archives/edgar/data/1730168/000173016825000121/0001730168-25-000121-index.htm,3,trois mesures comparables,,,2.7988271290158084,doublement observe
0000813672,Cadence Design Systems,CDNS,Information Technology,fournit,non_quantifie,2025,2025-12-31,5.296759,2.476134237483157,2017;2018;2019,2017-01-01/2017-12-30;2017-12-31/2018-12-29;2018-12-30/2019-12-28,3,,comparable_sur_reference,2025-12-31,https://www.sec.gov/Archives/edgar/data/813672/000081367226000016/0000813672-26-000016-index.htm,0.141871,2.1937796700153087,2017;2018;2019,2017-01-01/2017-12-30;2017-12-31/2018-12-29;2018-12-30/2019-12-28,3,,comparable_sur_reference,2025-12-31,https://www.sec.gov/Archives/edgar/data/813672/000081367226000016/0000813672-26-000016-index.htm,,,,,0,,valeur_recente_manquante,,,2,observation partielle,rd: valeur_recente_manquante,,2.1937796700153087,doublement observe
0000018230,Caterpillar Inc.,CAT,Industrials,fournit,non_quantifie,2025,2025-12-31,67.589,1.2456276146772083,2018;2019,2018-01-01/2018-12-31;2019-01-01/2019-12-31,2,,comparable_sur_reference,2025-12-31,https://www.sec.gov/Archives/edgar/data/18230/000001823026000008/0000018230-26-000008-index.htm,2.821,2.4193825042881647,2018;2019,2018-01-01/2018-12-31;2019-01-01/2019-12-31,2,,comparable_sur_reference,2025-12-31,https://www.sec.gov/Archives/edgar/data/18230/000001823026000008/0000018230-26-000008-index.htm,2.148,1.196657381615599,2017;2018;2019,2017-01-01/2017-12-31;2018-01-01/2018-12-31;2019-01-01/2019-12-31,3,,comparable_sur_reference,2025-12-31,https://www.sec.gov/Archives/edgar/data/18230/000001823026000008/0000018230-26-000008-index.htm,3,trois mesures comparables,,,2.4193825042881647,doublement observe
0000820318,Coherent Corp.,COHR,Information Technology,vend,non_quantifie,2025,2026-06-30,7.118181,4.356859859945024,2017;2018;2019,2017-07-01/2018-06-30;2018-07-01/2019-06-30;2019-07-01/2020-06-30,3,,comparable_sur_reference,2026-06-30,https://www.sec.gov/Archives/edgar/data/820318/000082031826000020/0000820318-26-000020-index.htm,1.102909,7.740853037991564,2017;2018;2019,2017-07-01/2018-06-30;2018-07-01/2019-06-30;2019-07-01/2020-06-30,3,,comparable_sur_reference,2026-06-30,https://www.sec.gov/Archives/edgar/data/820318/000082031826000020/0000820318-26-000020-index.htm,0.722952,3.6444562442972823,2017;2018;2019,2017-07-01/2018-06-30;2018-07-01/2019-06-30;2019-07-01/2020-06-30,3,,comparable_sur_reference,2026-06-30,https://www.sec.gov/Archives/edgar/data/820318/000082031826000020/0000820318-26-000020-index.htm,3,trois mesures comparables,,,7.740853037991564,doublement observe
0001035983,Comfort Systems USA,FIX,Industrials,fournit,non_quantifie,2025,2025-12-31,9.101641,5.319079018497122,2016;2017,2016-01-01/2016-12-31;2017-01-01/2017-12-31,2,oui,comparable_sur_repli,2025-12-31,https://www.sec.gov/Archives/edgar/data/1035983/000110465926017530/0001104659-26-017530-index.htm,0.154903,4.91833624384823,2017;2018;2019,2017-01-01/2017-12-31;2018-01-01/2018-12-31;2019-01-01/2019-12-31,3,,comparable_sur_reference,2025-12-31,https://www.sec.gov/Archives/edgar/data/1035983/000110465926017530/0001104659-26-017530-index.htm,,,,,0,,valeur_recente_manquante,,,2,observation partielle,rd: valeur_recente_manquante,oui,4.91833624384823,doublement observe
0001571996,Dell Technologies,DELL,Information Technology,vend,non_quantifie,2025,2026-01-30,113.538,1.294352356414875,2018;2019,2018-02-03/2019-02-01;2019-02-02/2020-01-31,2,,comparable_sur_reference,2026-01-30,https://www.sec.gov/Archives/edgar/data/1571996/000157199626000008/0001571996-26-000008-index.htm,2.633,2.05703125,2014;2020,2014-02-01/2015-01-30;2020-02-01/2021-01-29,2,oui,comparable_sur_repli,2026-01-30,https://www.sec.gov/Archives/edgar/data/1571996/000157199626000008/0001571996-26-000008-index.htm,3.142,0.8238070267435763,2017;2018;2019,2017-02-04/2018-02-02;2018-02-03/2019-02-01;2019-02-02/2020-01-31,3,,comparable_sur_reference,2026-01-30,https://www.sec.gov/Archives/edgar/data/1571996/000157199626000008/0001571996-26-000008-index.htm,3,trois mesures comparables,,oui,2.05703125,doublement observe
0001297996,Digital Realty,DLR,Real Estate,fournit,non_quantifie,2025,2025-12-31,6.112692,2.104523628281017,2017;2018;2019,2017-01-01/2017-12-31;2018-01-01/2018-12-31;2019-01-01/2019-12-31,3,,comparable_sur_reference,2025-12-31,https://www.sec.gov/Archives/edgar/data/1297996/000110465926015365/0001104659-26-015365-index.htm,3.181179,1.8173139543120644,2019;2020,2019-01-01/2019-12-31;2020-01-01/2020-12-31,2,oui,comparable_sur_repli,2025-12-31,https://www.sec.gov/Archives/edgar/data/1297996/000110465926015365/0001104659-26-015365-index.htm,,,,,0,,valeur_recente_manquante,,,2,observation partielle,rd: valeur_recente_manquante,oui,1.8173139543120644,doublement observe
0000715957,Dominion Energy,D,Utilities,fournit,non_quantifie,2025,2025-12-31,16.523,,,,0,,recent_non_reconcilie,2025-12-31,https://www.sec.gov/Archives/edgar/data/715957/000119312526063120/0001193125-26-063120-index.htm,12.653,2.042123950936088,2020;2021,2020-01-01/2020-12-31;2021-01-01/2021-12-31,2,oui,comparable_sur_repli,2025-12-31,https://www.sec.gov/Archives/edgar/data/715957/000119312526063120/0001193125-26-063120-index.htm,,,,,0,,valeur_recente_manquante,,,1,observation partielle,chiffre_affaires: recent_non_reconcilie ; rd: valeur_recente_manquante,oui,2.042123950936088,doublement observe
0000105634,Emcor,EME,Industrials,fournit,non_quantifie,2025,2025-12-31,16.986422,2.0390034651154334,2017;2018;2019,2017-01-01/2017-12-31;2018-01-01/2018-12-31;2019-01-01/2019-12-31,3,,comparable_sur_reference,2025-12-31,https://www.sec.gov/Archives/edgar/data/105634/000010563426000025/0000105634-26-000025-index.htm,0.11275,2.671906473399423,2017;2018;2019,2017-01-01/2017-12-31;2018-01-01/2018-12-31;2019-01-01/2019-12-31,3,,comparable_sur_reference,2025-12-31,https://www.sec.gov/Archives/edgar/data/105634/000010563426000025/0000105634-26-000025-index.htm,,,,,0,,valeur_recente_manquante,,,2,observation partielle,rd: valeur_recente_manquante,,2.671906473399423,doublement observe
0001711269,Evergy,EVRG,Utilities,fournit,non_quantifie,2025,2025-12-31,5.9616,,,,0,,recent_non_reconcilie,2025-12-31,https://www.sec.gov/Archives/edgar/data/1711269/000171126926000017/0001711269-26-000017-index.htm,2.7969,2.756109578242018,2017;2018;2019,2017-01-01/2017-12-31;2018-01-01/2018-12-31;2019-01-01/2019-12-31,3,,comparable_sur_reference,2025-12-31,https://www.sec.gov/Archives/edgar/data/1711269/000171126926000017/0001711269-26-000017-index.htm,,,,,0,,valeur_recente_manquante,,,1,observation partielle,chiffre_affaires: recent_non_reconcilie ; rd: valeur_recente_manquante,,2.756109578242018,doublement observe
0001996810,GE Vernova,GEV,Industrials,fournit,non_quantifie,2025,2025-12-31,38.068,1.210563973733166,2022;2023,2022-01-01/2022-12-31;2023-01-01/2023-12-31,2,oui,comparable_sur_repli,2025-12-31,https://www.sec.gov/Archives/edgar/data/1996810/000199681026000015/0001996810-26-000015-index.htm,1.277,2.0318217979315834,2022;2023,2022-01-01/2022-12-31;2023-01-01/2023-12-31,2,oui,comparable_sur_repli,2025-12-31,https://www.sec.gov/Archives/edgar/data/1996810/000199681026000015/0001996810-26-000015-index.htm,1.197,1.2768,2022;2023,2022-01-01/2022-12-31;2023-01-01/2023-12-31,2,oui,comparable_sur_repli,2025-12-31,https://www.sec.gov/Archives/edgar/data/1996810/000199681026000015/0001996810-26-000015-index.htm,3,trois mesures comparables,,oui,2.0318217979315834,doublement observe
0001474735,Generac,GNRC,Industrials,fournit,non_quantifie,2025,2025-12-31,4.209147,1.9911760253559772,2018;2019,2018-01-01/2018-12-31;2019-01-01/2019-12-31,2,,comparable_sur_reference,2025-12-31,https://www.sec.gov/Archives/edgar/data/1474735/000143774926004568/0001437749-26-004568-index.htm,0.16985,3.596891235599729,2017;2018;2019,2017-01-01/2017-12-31;2018-01-01/2018-12-31;2019-01-01/2019-12-31,3,,comparable_sur_reference,2025-12-31,https://www.sec.gov/Archives/edgar/data/1474735/000143774926004568/0001437749-26-004568-index.htm,0.24347,4.528775684825337,2017;2018;2019,2017-01-01/2017-12-31;2018-01-01/2018-12-31;2019-01-01/2019-12-31,3,,comparable_sur_reference,2025-12-31,https://www.sec.gov/Archives/edgar/data/1474735/000143774926004568/0001437749-26-004568-index.htm,3,trois mesures comparables,,,4.528775684825337,doublement observe
0000004281,Howmet Aerospace,HWM,Industrials,fournit,non_quantifie,2025,2025-12-31,8.252,1.1893917555491496,2018;2019,2018-01-01/2018-12-31;2019-01-01/2019-12-31,2,,comparable_sur_reference,2025-12-31,https://www.sec.gov/Archives/edgar/data/4281/000000428126000012/0000004281-26-000012-index.htm,0.453,2.311224489795918,2021;2022,2021-01-01/2021-12-31;2022-01-01/2022-12-31,2,oui,comparable_sur_repli,2025-12-31,https://www.sec.gov/Archives/edgar/data/4281/000000428126000012/0000004281-26-000012-index.htm,0.037,1.0724637681159421,2018;2019,2018-01-01/2018-12-31;2019-01-01/2019-12-31,2,,comparable_sur_reference,2025-12-31,https://www.sec.gov/Archives/edgar/data/4281/000000428126000012/0000004281-26-000012-index.htm,3,trois mesures comparables,,oui,2.311224489795918,doublement observe
0000319201,KLA Corporation,KLAC,Information Technology,fournit,non_quantifie,2025,2026-06-30,13.579476,2.6176475577446805,2018;2019,2018-07-01/2019-06-30;2019-07-01/2020-06-30,2,,comparable_sur_reference,2026-06-30,https://www.sec.gov/Archives/edgar/data/319201/000031920126000027/0000319201-26-000027-index.htm,0.375945,3.2212812749914312,2017;2018;2019,2017-07-01/2018-06-30;2018-07-01/2019-06-30;2019-07-01/2020-06-30,3,,comparable_sur_reference,2026-06-30,https://www.sec.gov/Archives/edgar/data/319201/000031920126000027/0000319201-26-000027-index.htm,1.532118,2.1051119227818678,2017;2018;2019,2017-07-01/2018-06-30;2018-07-01/2019-06-30;2019-07-01/2020-06-30,3,,comparable_sur_reference,2026-06-30,https://www.sec.gov/Archives/edgar/data/319201/000031920126000027/0000319201-26-000027-index.htm,3,trois mesures comparables,,,3.2212812749914312,doublement observe
0000707549,Lam Research,LRCX,Information Technology,fournit,non_quantifie,2025,2026-06-28,23.23269,2.2647410700525255,2017;2018;2019,2017-06-26/2018-06-24;2018-06-25/2019-06-30;2019-07-01/2020-06-28,3,,comparable_sur_reference,2026-06-28,https://www.sec.gov/Archives/edgar/data/707549/000070754926000037/0000707549-26-000037-index.htm,0.966405,3.715994252748337,2017;2018;2019,2017-06-26/2018-06-24;2018-06-25/2019-06-30;2019-07-01/2020-06-28,3,,comparable_sur_reference,2026-06-28,https://www.sec.gov/Archives/edgar/data/707549/000070754926000037/0000707549-26-000037-index.htm,2.375873,1.9617771546435336,2017;2018;2019,2017-06-26/2018-06-24;2018-06-25/2019-06-30;2019-07-01/2020-06-28,3,,comparable_sur_reference,2026-06-28,https://www.sec.gov/Archives/edgar/data/707549/000070754926000037/0000707549-26-000037-index.htm,3,trois mesures comparables,,,3.715994252748337,doublement observe
0001633978,Lumentum,LITE,Information Technology,vend,non_quantifie,2025,2026-06-27,3.014,1.732383032532475,2022;2023,2021-07-04/2022-07-02;2022-07-03/2023-07-01,2,oui,comparable_sur_repli,2026-06-27,https://www.sec.gov/Archives/edgar/data/1633978/000162828026057358/0001628280-26-057358-index.htm,0.4513,7.655640373197625,2013;2014,2013-06-30/2014-06-28;2014-06-29/2015-06-27,2,oui,comparable_sur_repli,2026-06-27,https://www.sec.gov/Archives/edgar/data/1633978/000162828026057358/0001628280-26-057358-index.htm,0.3565,2.0717710300740957,2017;2017;2018;2019,2016-07-03/2017-07-01;2017-07-02/2018-06-30;2018-07-01/2019-06-29;2019-06-30/2020-06-27,4,,comparable_sur_reference,2026-06-27,https://www.sec.gov/Archives/edgar/data/1633978/000162828026057358/0001628280-26-057358-index.htm,3,trois mesures comparables,,oui,7.655640373197625,doublement observe
0001326801,Meta Platforms,META,Communication Services,depense,non_quantifie,2025,2025-12-31,200.966,3.606108093882336,2017;2018;2019,2017-01-01/2017-12-31;2018-01-01/2018-12-31;2019-01-01/2019-12-31,3,,comparable_sur_reference,2025-12-31,https://www.sec.gov/Archives/edgar/data/1326801/000162828026003942/0001628280-26-003942-index.htm,69.691,5.848195804195805,2017;2018;2019,2017-01-01/2017-12-31;2018-01-01/2018-12-31;2019-01-01/2019-12-31,3,,comparable_sur_reference,2025-12-31,https://www.sec.gov/Archives/edgar/data/1326801/000162828026003942/0001628280-26-003942-index.htm,57.372,5.442059000221329,2017;2018;2019,2017-01-01/2017-12-31;2018-01-01/2018-12-31;2019-01-01/2019-12-31,3,,comparable_sur_reference,2025-12-31,https://www.sec.gov/Archives/edgar/data/1326801/000162828026003942/0001628280-26-003942-index.htm,3,trois mesures comparables,,,5.848195804195805,doublement observe
0000723125,Micron Technology,MU,Information Technology,vend,non_quantifie,2025,2025-08-28,37.378,1.5128914313468882,2017;2018;2019,2016-09-02/2017-08-31;2017-09-01/2018-08-30;2018-08-31/2019-08-29,3,,comparable_sur_reference,2025-08-28,https://www.sec.gov/Archives/edgar/data/723125/000072312525000028/0000723125-25-000028-index.htm,15.857,2.033557046979866,2017;2018;2019,2016-09-02/2017-08-31;2017-09-01/2018-08-30;2018-08-31/2019-08-29,3,,comparable_sur_reference,2025-08-28,https://www.sec.gov/Archives/edgar/data/723125/000072312525000028/0000723125-25-000028-index.htm,3.798,1.778645020293475,2017;2018;2019,2016-09-02/2017-08-31;2017-09-01/2018-08-30;2018-08-31/2019-08-29,3,,comparable_sur_reference,2025-08-28,https://www.sec.gov/Archives/edgar/data/723125/000072312525000028/0000723125-25-000028-index.htm,3,trois mesures comparables,,,2.033557046979866,doublement observe
0000789019,Microsoft,MSFT,Information Technology,depense et vend,non_quantifie,2025,2026-06-30,331.839,2.625183931142509,2017;2018;2019,2017-07-01/2018-06-30;2018-07-01/2019-06-30;2019-07-01/2020-06-30,3,,comparable_sur_reference,2026-06-30,https://www.sec.gov/Archives/edgar/data/789019/000119312526323660/0001193125-26-323660-index.htm,115.948,8.484413873847505,2017;2018;2019,2017-07-01/2018-06-30;2018-07-01/2019-06-30;2019-07-01/2020-06-30,3,,comparable_sur_reference,2026-06-30,https://www.sec.gov/Archives/edgar/data/789019/000119312526323660/0001193125-26-323660-index.htm,35.562,2.0971870024178805,2017;2018;2019,2017-07-01/2018-06-30;2018-07-01/2019-06-30;2019-07-01/2020-06-30,3,,comparable_sur_reference,2026-06-30,https://www.sec.gov/Archives/edgar/data/789019/000119312526323660/0001193125-26-323660-index.htm,3,trois mesures comparables,,,8.484413873847505,doublement observe
0001280452,Monolithic Power Systems,MPWR,Information Technology,vend,non_quantifie,2025,2025-12-31,2.790459,4.979311005262808,2017;2018;2019,2017-01-01/2017-12-31;2018-01-01/2018-12-31;2019-01-01/2019-12-31,3,,comparable_sur_reference,2025-12-31,https://www.sec.gov/Archives/edgar/data/1280452/000143774926006113/0001437749-26-006113-index.htm,0.172013,2.8030059423580407,2017;2018;2019,2017-01-01/2017-12-31;2018-01-01/2018-12-31;2019-01-01/2019-12-31,3,,comparable_sur_reference,2025-12-31,https://www.sec.gov/Archives/edgar/data/1280452/000143774926006113/0001437749-26-006113-index.htm,0.382263,4.044098303423128,2017;2018;2019,2017-01-01/2017-12-31;2018-01-01/2018-12-31;2019-01-01/2019-12-31,3,,comparable_sur_reference,2025-12-31,https://www.sec.gov/Archives/edgar/data/1280452/000143774926006113/0001437749-26-006113-index.htm,3,trois mesures comparables,,,4.044098303423128,doublement observe
0001013871,NRG Energy,NRG,Utilities,fournit,non_quantifie,2025,2025-12-31,30.713,,,,0,,recent_non_reconcilie,2025-12-31,https://www.sec.gov/Archives/edgar/data/1013871/000101387126000004/0001013871-26-000004-index.htm,1.147,5.008733624454148,2019;2020,2019-01-01/2019-12-31;2020-01-01/2020-12-31,2,oui,comparable_sur_repli,2025-12-31,https://www.sec.gov/Archives/edgar/data/1013871/000101387126000004/0001013871-26-000004-index.htm,,,,,0,,valeur_recente_manquante,,,1,observation partielle,chiffre_affaires: recent_non_reconcilie ; rd: valeur_recente_manquante,oui,5.008733624454148,doublement observe
0000073309,Nucor,NUE,Materials,fournit,non_quantifie,2025,2025-12-31,32.494,1.4354897683693049,2017;2018;2019,2017-01-01/2017-12-31;2018-01-01/2018-12-31;2019-01-01/2019-12-31,3,,comparable_sur_reference,2025-12-31,https://www.sec.gov/Archives/edgar/data/73309/000119312526071575/0001193125-26-071575-index.htm,3.422,3.52980130856398,2017;2018;2019,2017-01-01/2017-12-31;2018-01-01/2018-12-31;2019-01-01/2019-12-31,3,,comparable_sur_reference,2025-12-31,https://www.sec.gov/Archives/edgar/data/73309/000119312526071575/0001193125-26-071575-index.htm,,,,,0,,valeur_recente_manquante,,,2,observation partielle,rd: valeur_recente_manquante,,3.52980130856398,doublement observe
0001045810,Nvidia,NVDA,Information Technology,vend,non_quantifie,2025,2026-01-25,215.938,20.026400395696797,2017;2018;2019,2017-01-30/2018-01-28;2018-01-29/2019-01-27;2019-01-28/2020-01-26,3,,comparable_sur_reference,2026-01-25,https://www.sec.gov/Archives/edgar/data/1045810/000104581026000021/0001045810-26-000021-index.htm,6.042,4.30188679245283,2021;2022,2021-02-01/2022-01-30;2022-01-31/2023-01-29,2,oui,comparable_sur_repli,2026-01-25,https://www.sec.gov/Archives/edgar/data/1045810/000104581026000021/0001045810-26-000021-index.htm,18.497,7.925021422450729,2017;2018;2019,2017-01-30/2018-01-28;2018-01-29/2019-01-27;2019-01-28/2020-01-26,3,,comparable_sur_reference,2026-01-25,https://www.sec.gov/Archives/edgar/data/1045810/000104581026000021/0001045810-26-000021-index.htm,3,trois mesures comparables,,oui,7.925021422450729,doublement observe
0001341439,Oracle Corporation,ORCL,Information Technology,depense et vend,non_quantifie,2025,2026-05-31,67.357,1.7130903634375239,2017;2018;2019,2017-06-01/2018-05-31;2018-06-01/2019-05-31;2019-06-01/2020-05-31,3,,comparable_sur_reference,2026-05-31,https://www.sec.gov/Archives/edgar/data/1341439/000119312526277521/0001193125-26-277521-index.htm,55.663,33.6671370967742,2017;2018;2019,2017-06-01/2018-05-31;2018-06-01/2019-05-31;2019-06-01/2020-05-31,3,,comparable_sur_reference,2026-05-31,https://www.sec.gov/Archives/edgar/data/1341439/000119312526277521/0001193125-26-277521-index.htm,10.272,1.6953292622544975,2017;2018;2019,2017-06-01/2018-05-31;2018-06-01/2019-05-31;2019-06-01/2020-05-31,3,,comparable_sur_reference,2026-05-31,https://www.sec.gov/Archives/edgar/data/1341439/000119312526277521/0001193125-26-277521-index.htm,3,trois mesures comparables,,,33.6671370967742,doublement observe
0000764622,Pinnacle West Capital,PNW,Utilities,fournit,non_quantifie,2025,2025-12-31,5.339939,1.4910916032154333,2018;2019,2018-01-01/2018-12-31;2019-01-01/2019-12-31,2,,comparable_sur_reference,2025-12-31,https://www.sec.gov/Archives/edgar/data/764622/000076462226000011/0000764622-26-000011-index.htm,2.624618,2.083917753328799,2017;2018;2019,2017-01-01/2017-12-31;2018-01-01/2018-12-31;2019-01-01/2019-12-31,3,,comparable_sur_reference,2025-12-31,https://www.sec.gov/Archives/edgar/data/764622/000076462226000011/0000764622-26-000011-index.htm,,,,,0,,valeur_recente_manquante,,,2,observation partielle,rd: valeur_recente_manquante,,2.083917753328799,doublement observe
0001045609,Prologis,PLD,Real Estate,fournit,non_quantifie,2025,2025-12-31,8.790127,3.0126546805032763,2017;2018;2019,2017-01-01/2017-12-31;2018-01-01/2018-12-31;2019-01-01/2019-12-31,3,,comparable_sur_reference,2025-12-31,https://www.sec.gov/Archives/edgar/data/1045609/000119312526051453/0001193125-26-051453-index.htm,2.78126,,,,0,,recent_non_reconcilie,2025-12-31,https://www.sec.gov/Archives/edgar/data/1045609/000119312526051453/0001193125-26-051453-index.htm,,,,,0,,valeur_recente_manquante,,,1,observation partielle,capex: recent_non_reconcilie ; rd: valeur_recente_manquante,,,doublement observe
0001050915,Quanta Services,PWR,Industrials,fournit,non_quantifie,2025,2025-12-31,28.479697,2.6088229045362796,2017;2018;2019,2017-01-01/2017-12-31;2018-01-01/2018-12-31;2019-01-01/2019-12-31,3,,comparable_sur_reference,2025-12-31,https://www.sec.gov/Archives/edgar/data/1050915/000105091526000006/0001050915-26-000006-index.htm,0.609154,2.2843046569534304,2017;2018;2019,2017-01-01/2017-12-31;2018-01-01/2018-12-31;2019-01-01/2019-12-31,3,,comparable_sur_reference,2025-12-31,https://www.sec.gov/Archives/edgar/data/1050915/000105091526000006/0001050915-26-000006-index.htm,,,,,0,,valeur_recente_manquante,,,2,observation partielle,rd: valeur_recente_manquante,,2.2843046569534304,doublement observe
0000726728,Realty Income,O,Real Estate,fournit,non_quantifie,2025,2025-12-31,5.749377,3.6675716450043856,2019;2020,2019-01-01/2019-12-31;2020-01-01/2020-12-31,2,oui,comparable_sur_repli,2025-12-31,https://www.sec.gov/Archives/edgar/data/726728/000072672826000011/0000726728-26-000011-index.htm,0.1318,8.175164371666046,2019;2020,2019-01-01/2019-12-31;2020-01-01/2020-12-31,2,oui,comparable_sur_repli,2025-12-31,https://www.sec.gov/Archives/edgar/data/726728/000072672826000011/0000726728-26-000011-index.htm,,,,,0,,valeur_recente_manquante,,,2,observation partielle,rd: valeur_recente_manquante,oui,8.175164371666046,doublement observe
0002023554,Sandisk,SNDK,Information Technology,vend,non_quantifie,2025,2026-07-03,20.248,3.1764059926268726,2022;2023,2022-07-02/2023-06-30;2023-07-01/2024-06-28,2,oui,comparable_sur_repli,2026-07-03,https://www.sec.gov/Archives/edgar/data/2023554/000162828026057406/0001628280-26-057406-index.htm,0.177,0.9194805194805195,2022;2023,2022-07-02/2023-06-30;2023-07-01/2024-06-28,2,oui,comparable_sur_repli,2026-07-03,https://www.sec.gov/Archives/edgar/data/2023554/000162828026057406/0001628280-26-057406-index.htm,1.328,1.1921005385996408,2022;2023,2022-07-02/2023-06-30;2023-07-01/2024-06-28,2,oui,comparable_sur_repli,2026-07-03,https://www.sec.gov/Archives/edgar/data/2023554/000162828026057406/0001628280-26-057406-index.htm,3,trois mesures comparables,,oui,1.1921005385996408,doublement observe
0001032208,Sempra,SRE,Utilities,fournit,non_quantifie,2025,2025-12-31,13.702,,,,0,,recent_non_reconcilie,2025-12-31,https://www.sec.gov/Archives/edgar/data/1032208/000103220826000010/0001032208-26-000010-index.htm,10.612,2.905539837546774,2017;2018;2019,2017-01-01/2017-12-31;2018-01-01/2018-12-31;2019-01-01/2019-12-31,3,,comparable_sur_reference,2025-12-31,https://www.sec.gov/Archives/edgar/data/1032208/000103220826000010/0001032208-26-000010-index.htm,,,,,0,,valeur_recente_manquante,,,1,observation partielle,chiffre_affaires: recent_non_reconcilie ; rd: valeur_recente_manquante,,2.905539837546774,doublement observe
0001022671,Steel Dynamics,STLD,Materials,fournit,non_quantifie,2025,2025-12-31,18.176581,0.893865210064396,2021;2022,2021-01-01/2021-12-31;2022-01-01/2022-12-31,2,oui,comparable_sur_repli,2025-12-31,https://www.sec.gov/Archives/edgar/data/1022671/000110465926021395/0001104659-26-021395-index.htm,0.948025,3.321469863477642,2017;2018;2019,2017-01-01/2017-12-31;2018-01-01/2018-12-31;2019-01-01/2019-12-31,3,,comparable_sur_reference,2025-12-31,https://www.sec.gov/Archives/edgar/data/1022671/000110465926021395/0001104659-26-021395-index.htm,,,,,0,,valeur_recente_manquante,,,2,observation partielle,rd: valeur_recente_manquante,oui,3.321469863477642,doublement observe
0001375365,Supermicro,SMCI,Information Technology,vend,non_quantifie,2025,2026-06-30,39.063072,11.488989016123613,2017;2018;2019,2017-07-01/2018-06-30;2018-07-01/2019-06-30;2019-07-01/2020-06-30,3,,comparable_sur_reference,2026-06-30,https://www.sec.gov/Archives/edgar/data/1375365/000137536526000022/0001375365-26-000022-index.htm,0.161999,5.169575900692472,2017;2018;2019,2017-07-01/2018-06-30;2018-07-01/2019-06-30;2019-07-01/2020-06-30,3,,comparable_sur_reference,2026-06-30,https://www.sec.gov/Archives/edgar/data/1375365/000137536526000022/0001375365-26-000022-index.htm,0.771232,4.084273481038467,2017;2018;2019,2017-07-01/2018-06-30;2018-07-01/2019-06-30;2019-07-01/2020-06-30,3,,comparable_sur_reference,2026-06-30,https://www.sec.gov/Archives/edgar/data/1375365/000137536526000022/0001375365-26-000022-index.htm,3,trois mesures comparables,,,5.169575900692472,doublement observe
0000883241,Synopsys,SNPS,Information Technology,fournit,non_quantifie,2025,2025-10-31,7.054178,2.298618430713859,2017;2018;2019,2016-11-01/2017-10-31;2017-11-01/2018-10-31;2018-11-01/2019-10-31,3,,comparable_sur_reference,2025-10-31,https://www.sec.gov/Archives/edgar/data/883241/000088324125000028/0000883241-25-000028-index.htm,0.169454,1.3835501982674392,2017;2018;2019,2016-11-01/2017-10-31;2017-11-01/2018-10-31;2018-11-01/2019-10-31,3,,comparable_sur_reference,2025-10-31,https://www.sec.gov/Archives/edgar/data/883241/000088324125000028/0000883241-25-000028-index.htm,2.479338,2.3759106495730045,2017;2018;2019,2016-11-01/2017-10-31;2017-11-01/2018-10-31;2018-11-01/2019-10-31,3,,comparable_sur_reference,2025-10-31,https://www.sec.gov/Archives/edgar/data/883241/000088324125000028/0000883241-25-000028-index.htm,3,trois mesures comparables,,,2.3759106495730045,doublement observe
0001094285,Teledyne Technologies,TDY,Information Technology,vend,non_quantifie,2025,2025-12-28,6.1154,2.1162506344299357,2017;2018;2019,2017-01-02/2017-12-31;2018-01-01/2018-12-30;2018-12-31/2019-12-29,3,,comparable_sur_reference,2025-12-28,https://www.sec.gov/Archives/edgar/data/1094285/000109428526000017/0001094285-26-000017-index.htm,0.1173,1.5057766367137355,2017;2018;2019,2017-01-02/2017-12-31;2018-01-01/2018-12-30;2018-12-31/2019-12-29,3,,comparable_sur_reference,2025-12-28,https://www.sec.gov/Archives/edgar/data/1094285/000109428526000017/0001094285-26-000017-index.htm,0.3173,0.8956951305575159,2022;2023,2022-01-03/2023-01-01;2023-01-02/2023-12-31,2,oui,comparable_sur_repli,2025-12-28,https://www.sec.gov/Archives/edgar/data/1094285/000109428526000017/0001094285-26-000017-index.htm,3,trois mesures comparables,,oui,1.5057766367137355,doublement observe
0001318605,"Tesla, Inc.",TSLA,Consumer Discretionary,depense,non_quantifie,2025,2025-12-31,94.827,1.4018849096352146,2021;2022,2021-01-01/2021-12-31;2022-01-01/2022-12-31,2,oui,comparable_sur_repli,2025-12-31,https://www.sec.gov/Archives/edgar/data/1318605/000162828026003952/0001628280-26-003952-index.htm,8.527,3.7382726874177994,2017;2018;2019,2017-01-01/2017-12-31;2018-01-01/2018-12-31;2019-01-01/2019-12-31,3,,comparable_sur_reference,2025-12-31,https://www.sec.gov/Archives/edgar/data/1318605/000162828026003952/0001628280-26-003952-index.htm,6.411,4.600095670892131,2017;2018;2019,2017-01-01/2017-12-31;2018-01-01/2018-12-31;2019-01-01/2019-12-31,3,,comparable_sur_reference,2025-12-31,https://www.sec.gov/Archives/edgar/data/1318605/000162828026003952/0001628280-26-003952-index.htm,3,trois mesures comparables,,oui,4.600095670892131,doublement observe
0000097476,Texas Instruments,TXN,Information Technology,vend,non_quantifie,2025,2025-12-31,17.682,1.1754564793476334,2017;2018;2019,2017-01-01/2017-12-31;2018-01-01/2018-12-31;2019-01-01/2019-12-31,3,,comparable_sur_reference,2025-12-31,https://www.sec.gov/Archives/edgar/data/97476/000009747626000059/0000097476-26-000059-index.htm,4.55,5.10662177328844,2017;2018;2019,2017-01-01/2017-12-31;2018-01-01/2018-12-31;2019-01-01/2019-12-31,3,,comparable_sur_reference,2025-12-31,https://www.sec.gov/Archives/edgar/data/97476/000009747626000059/0000097476-26-000059-index.htm,2.083,1.3552374756018217,2017;2018;2019,2017-01-01/2017-12-31;2018-01-01/2018-12-31;2019-01-01/2019-12-31,3,,comparable_sur_reference,2025-12-31,https://www.sec.gov/Archives/edgar/data/97476/000009747626000059/0000097476-26-000059-index.htm,3,trois mesures comparables,,,5.10662177328844,doublement observe
0001811074,Texas Pacific Land Corporation,TPL,Energy,fournit,non_quantifie,2025,2025-12-31,0.79819,2.0189043853924797,2018;2019,2018-01-01/2018-12-31;2019-01-01/2019-12-31,2,,comparable_sur_reference,2025-12-31,https://www.sec.gov/Archives/edgar/data/1811074/000181107426000018/0001811074-26-000018-index.htm,0.035951,3.298862176546155,2023;2024,2023-01-01/2023-12-31;2024-01-01/2024-12-31,2,oui,comparable_sur_repli,2025-12-31,https://www.sec.gov/Archives/edgar/data/1811074/000181107426000018/0001811074-26-000018-index.htm,,,,,0,,valeur_recente_manquante,,,2,observation partielle,rd: valeur_recente_manquante,oui,3.298862176546155,doublement observe
0001674101,Vertiv,VRT,Industrials,fournit,non_quantifie,2025,2025-12-31,10.2299,2.1838462113206742,2020;2021,2020-01-01/2020-12-31;2021-01-01/2021-12-31,2,oui,comparable_sur_repli,2025-12-31,https://www.sec.gov/Archives/edgar/data/1674101/000167410126000008/0001674101-26-000008-index.htm,0.22,3.9215686274509802,2018;2019,2018-01-01/2018-12-31;2019-01-01/2019-12-31,2,,comparable_sur_reference,2025-12-31,https://www.sec.gov/Archives/edgar/data/1674101/000167410126000008/0001674101-26-000008-index.htm,0.4417,2.065466448445172,2018;2019,2018-01-01/2018-12-31;2019-01-01/2019-12-31,2,,comparable_sur_reference,2025-12-31,https://www.sec.gov/Archives/edgar/data/1674101/000167410126000008/0001674101-26-000008-index.htm,3,trois mesures comparables,,oui,3.9215686274509802,doublement observe
0001692819,Vistra Corp.,VST,Utilities,fournit,non_quantifie,2025,2025-12-31,17.738,,,,0,,recent_non_reconcilie,2025-12-31,https://www.sec.gov/Archives/edgar/data/1692819/000169281926000006/0001692819-26-000006-index.htm,2.752,6.084008843036109,2017;2018;2019,2017-01-01/2017-12-31;2018-01-01/2018-12-31;2019-01-01/2019-12-31,3,,comparable_sur_reference,2025-12-31,https://www.sec.gov/Archives/edgar/data/1692819/000169281926000006/0001692819-26-000006-index.htm,,,,,0,,valeur_recente_manquante,,,1,observation partielle,chiffre_affaires: recent_non_reconcilie ; rd: valeur_recente_manquante,,6.084008843036109,doublement observe
0000106040,Western Digital,WDC,Information Technology,vend,non_quantifie,2025,2026-07-03,12.919,2.0552020362710786,2022;2023,2022-07-02/2023-06-30;2023-07-01/2024-06-28,2,oui,comparable_sur_repli,2026-07-03,https://www.sec.gov/Archives/edgar/data/106040/000162828026057139/0001628280-26-057139-index.htm,0.418,0.905742145178765,2022;2023,2022-07-02/2023-06-30;2023-07-01/2024-06-28,2,oui,comparable_sur_repli,2026-07-03,https://www.sec.gov/Archives/edgar/data/106040/000162828026057139/0001628280-26-057139-index.htm,1.161,1.1993801652892562,2022;2023,2022-07-02/2023-06-30;2023-07-01/2024-06-28,2,oui,comparable_sur_repli,2026-07-03,https://www.sec.gov/Archives/edgar/data/106040/000162828026057139/0001628280-26-057139-index.htm,3,trois mesures comparables,,oui,1.1993801652892562,doublement observe
0000072903,Xcel Energy,XEL,Utilities,fournit,non_quantifie,2025,2025-12-31,14.669,1.276675369886858,2017;2018;2019,2017-01-01/2017-12-31;2018-01-01/2018-12-31;2019-01-01/2019-12-31,3,,comparable_sur_reference,2025-12-31,https://www.sec.gov/Archives/edgar/data/72903/000007290326000009/0000072903-26-000009-index.htm,10.908,2.8639943987397167,2017;2018;2019,2017-01-01/2017-12-31;2018-01-01/2018-12-31;2019-01-01/2019-12-31,3,,comparable_sur_reference,2025-12-31,https://www.sec.gov/Archives/edgar/data/72903/000007290326000009/0000072903-26-000009-index.htm,,,,,0,,valeur_recente_manquante,,,2,observation partielle,rd: valeur_recente_manquante,,2.8639943987397167,doublement observe
0001176948,Ares Management,ARES,Financials,fournit,non_quantifie,2025,2025-12-31,5.601482,,,,0,,recent_non_reconcilie,2025-12-31,https://www.sec.gov/Archives/edgar/data/1176948/000162828026011413/0001628280-26-011413-index.htm,,,,,0,,valeur_recente_manquante,,,,,,,0,,valeur_recente_manquante,,,0,aucune comparaison,chiffre_affaires: recent_non_reconcilie ; capex: valeur_recente_manquante ; rd: valeur_recente_manquante,,,non evaluable
0001138118,CBRE Group,CBRE,Real Estate,fournit,non_quantifie,2025,2025-12-31,40.55,,,,0,,recent_non_reconcilie,2025-12-31,https://www.sec.gov/Archives/edgar/data/1138118/000113811826000005/0001138118-26-000005-index.htm,0.366,,,,0,,recent_non_reconcilie,2025-12-31,https://www.sec.gov/Archives/edgar/data/1138118/000113811826000005/0001138118-26-000005-index.htm,,,,,0,,valeur_recente_manquante,,,0,aucune comparaison,chiffre_affaires: recent_non_reconcilie ; capex: recent_non_reconcilie ; rd: valeur_recente_manquante,,,non evaluable
0000065984,Entergy,ETR,Utilities,fournit,non_quantifie,2025,2025-12-31,12.946686,,2024,2024-01-01/2024-12-31,1,oui,historique_comparable_insuffisant,2025-12-31,https://www.sec.gov/Archives/edgar/data/65984/000006598426000174/0000065984-26-000174-index.htm,7.684922,,2024,2024-01-01/2024-12-31,1,oui,historique_comparable_insuffisant,2025-12-31,https://www.sec.gov/Archives/edgar/data/65984/000006598426000174/0000065984-26-000174-index.htm,,,,,0,,valeur_recente_manquante,,,0,aucune comparaison,chiffre_affaires: historique_comparable_insuffisant ; capex: historique_comparable_insuffisant ; rd: valeur_recente_manquante,,,non evaluable
0001101239,Equinix,EQIX,Real Estate,fournit,non_quantifie,2025,2025-12-31,9.217,,,,0,,recent_non_reconcilie,2025-12-31,https://www.sec.gov/Archives/edgar/data/1101239/000110123926000032/0001101239-26-000032-index.htm,4.311,,,,0,,recent_non_reconcilie,2025-12-31,https://www.sec.gov/Archives/edgar/data/1101239/000110123926000032/0001101239-26-000032-index.htm,,,,,0,,valeur_recente_manquante,,,0,aucune comparaison,chiffre_affaires: recent_non_reconcilie ; capex: recent_non_reconcilie ; rd: valeur_recente_manquante,,,non evaluable
0001020569,Iron Mountain,IRM,Real Estate,fournit,non_quantifie,2025,2025-12-31,6.901737,,,,0,,recent_non_reconcilie,2025-12-31,https://www.sec.gov/Archives/edgar/data/1020569/000102056926000013/0001020569-26-000013-index.htm,2.271628,,2024,2024-01-01/2024-12-31,1,oui,historique_comparable_insuffisant,2025-12-31,https://www.sec.gov/Archives/edgar/data/1020569/000102056926000013/0001020569-26-000013-index.htm,,,,,0,,valeur_recente_manquante,,,0,aucune comparaison,chiffre_affaires: recent_non_reconcilie ; capex: historique_comparable_insuffisant ; rd: valeur_recente_manquante,,,non evaluable
0000107263,Williams Companies,WMB,Energy,fournit,non_quantifie,2025,2025-12-31,14.899,,,,0,,recent_non_reconcilie,2025-12-31,https://www.sec.gov/Archives/edgar/data/107263/000010726326000006/0000107263-26-000006-index.htm,4.893,,,,0,,recent_non_reconcilie,2025-12-31,https://www.sec.gov/Archives/edgar/data/107263/000010726326000006/0000107263-26-000006-index.htm,,,,,0,,valeur_recente_manquante,,,0,aucune comparaison,chiffre_affaires: recent_non_reconcilie ; capex: recent_non_reconcilie ; rd: valeur_recente_manquante,,,non evaluable
0000352541,Alliant Energy,LNT,Utilities,fournit,non_quantifie,2025,2025-12-31,4.362,,,,0,,recent_non_reconcilie,2025-12-31,https://www.sec.gov/Archives/edgar/data/352541/000035254126000007/0000352541-26-000007-index.htm,2.277,1.2038065027755749,2023;2024,2023-01-01/2023-12-31;2024-01-01/2024-12-31,2,oui,comparable_sur_repli,2025-12-31,https://www.sec.gov/Archives/edgar/data/352541/000035254126000007/0000352541-26-000007-index.htm,,,,,0,,valeur_recente_manquante,,,1,observation partielle,chiffre_affaires: recent_non_reconcilie ; rd: valeur_recente_manquante,oui,1.2038065027755749,progression inferieure au seuil
0001002910,Ameren,AEE,Utilities,fournit,non_quantifie,2025,2025-12-31,8.799,1.4365714285714286,2017;2018;2019,2017-01-01/2017-12-31;2018-01-01/2018-12-31;2019-01-01/2019-12-31,3,,comparable_sur_reference,2025-12-31,https://www.sec.gov/Archives/edgar/data/1002910/000100291026000009/0001002910-26-000009-index.htm,4.128,1.8134426709620735,2017;2018;2019,2017-01-01/2017-12-31;2018-01-01/2018-12-31;2019-01-01/2019-12-31,3,,comparable_sur_reference,2025-12-31,https://www.sec.gov/Archives/edgar/data/1002910/000100291026000009/0001002910-26-000009-index.htm,,,,,0,,valeur_recente_manquante,,,2,observation partielle,rd: valeur_recente_manquante,,1.8134426709620735,progression inferieure au seuil
0000004904,American Electric Power,AEP,Utilities,fournit,non_quantifie,2025,2025-12-31,21.876,,,,0,,recent_non_reconcilie,2025-12-31,https://www.sec.gov/Archives/edgar/data/4904/000000490426000013/0000004904-26-000013-index.htm,8.453,1.4046505960030131,2017;2018;2019,2017-01-01/2017-12-31;2018-01-01/2018-12-31;2019-01-01/2019-12-31,3,,comparable_sur_reference,2025-12-31,https://www.sec.gov/Archives/edgar/data/4904/000000490426000013/0000004904-26-000013-index.htm,,,,,0,,valeur_recente_manquante,,,1,observation partielle,chiffre_affaires: recent_non_reconcilie ; rd: valeur_recente_manquante,,1.4046505960030131,progression inferieure au seuil
0001053507,American Tower,AMT,Real Estate,fournit,non_quantifie,2025,2025-12-31,10.6446,,,,0,,recent_non_reconcilie,2025-12-31,https://www.sec.gov/Archives/edgar/data/1053507/000105350726000035/0001053507-26-000035-index.htm,1.6804,1.9732766855903479,2014;2015,2014-01-01/2014-12-31;2015-01-01/2015-12-31,2,oui,comparable_sur_repli,2025-12-31,https://www.sec.gov/Archives/edgar/data/1053507/000105350726000035/0001053507-26-000035-index.htm,,,,,0,,valeur_recente_manquante,,,1,observation partielle,chiffre_affaires: recent_non_reconcilie ; rd: valeur_recente_manquante,oui,1.9732766855903479,progression inferieure au seuil
0001037868,Ametek,AME,Industrials,fournit,non_quantifie,2025,2025-12-31,7.401116,1.1611888781155177,2022;2023,2022-01-01/2022-12-31;2023-01-01/2023-12-31,2,oui,comparable_sur_repli,2025-12-31,https://www.sec.gov/Archives/edgar/data/1037868/000103786826000016/0001037868-26-000016-index.htm,0.130248,1.5057804359219409,2017;2018;2019,2017-01-01/2017-12-31;2018-01-01/2018-12-31;2019-01-01/2019-12-31,3,,comparable_sur_reference,2025-12-31,https://www.sec.gov/Archives/edgar/data/1037868/000103786826000016/0001037868-26-000016-index.htm,0.2361,1.6346642049388413,2017;2018;2019,2017-01-01/2017-12-31;2018-01-01/2018-12-31;2019-01-01/2019-12-31,3,,comparable_sur_reference,2025-12-31,https://www.sec.gov/Archives/edgar/data/1037868/000103786826000016/0001037868-26-000016-index.htm,3,trois mesures comparables,,oui,1.6346642049388413,progression inferieure au seuil
0001701605,Baker Hughes,BKR,Energy,fournit,non_quantifie,2025,2025-12-31,27.733,1.1873274108958578,2018;2019,2018-01-01/2018-12-31;2019-01-01/2019-12-31,2,,comparable_sur_reference,2025-12-31,https://www.sec.gov/Archives/edgar/data/1701605/000170160526000007/0001701605-26-000007-index.htm,1.273,1.316896551724138,2017;2018;2019,2017-01-01/2017-12-31;2018-01-01/2018-12-31;2019-01-01/2019-12-31,3,,comparable_sur_reference,2025-12-31,https://www.sec.gov/Archives/edgar/data/1701605/000170160526000007/0001701605-26-000007-index.htm,0.6,0.9533898305084745,2017;2018;2019,2017-01-01/2017-12-31;2018-01-01/2018-12-31;2019-01-01/2019-12-31,3,,comparable_sur_reference,2025-12-31,https://www.sec.gov/Archives/edgar/data/1701605/000170160526000007/0001701605-26-000007-index.htm,3,trois mesures comparables,,,1.316896551724138,progression inferieure au seuil
0001067983,Berkshire Hathaway,BRK.B,Financials,fournit,non_quantifie,2025,2025-12-31,371.444,,,,0,,recent_non_reconcilie,2025-12-31,https://www.sec.gov/Archives/edgar/data/1067983/000119312526083899/0001193125-26-083899-index.htm,20.927,1.486855816597196,2017;2018;2019,2017-01-01/2017-12-31;2018-01-01/2018-12-31;2019-01-01/2019-12-31,3,,comparable_sur_reference,2025-12-31,https://www.sec.gov/Archives/edgar/data/1067983/000119312526083899/0001193125-26-083899-index.htm,,,,,0,,valeur_recente_manquante,,,1,observation partielle,chiffre_affaires: recent_non_reconcilie ; rd: valeur_recente_manquante,,1.486855816597196,progression inferieure au seuil
0001402057,CDW Corporation,CDW,Information Technology,fournit,non_quantifie,2025,2025-12-31,22.4241,1.3085615748886146,2018;2019,2018-01-01/2018-12-31;2019-01-01/2019-12-31,2,,comparable_sur_reference,2025-12-31,https://www.sec.gov/Archives/edgar/data/1402057/000140205726000011/0001402057-26-000011-index.htm,0.1171,0.8706319702602231,2017;2018;2019,2017-01-01/2017-12-31;2018-01-01/2018-12-31;2019-01-01/2019-12-31,3,,comparable_sur_reference,2025-12-31,https://www.sec.gov/Archives/edgar/data/1402057/000140205726000011/0001402057-26-000011-index.htm,,,,,0,,valeur_recente_manquante,,,2,observation partielle,rd: valeur_recente_manquante,,0.8706319702602231,progression inferieure au seuil
0000849395,CRH plc,CRH,Materials,fournit,non_quantifie,2025,2025-12-31,37.447,1.209352645771771,2021;2022,2021-01-01/2021-12-31;2022-01-01/2022-12-31,2,oui,comparable_sur_repli,2025-12-31,https://www.sec.gov/Archives/edgar/data/849395/000162828026009043/0001628280-26-009043-index.htm,2.713,1.7634059148521286,2021;2022,2021-01-01/2021-12-31;2022-01-01/2022-12-31,2,oui,comparable_sur_repli,2025-12-31,https://www.sec.gov/Archives/edgar/data/849395/000162828026009043/0001628280-26-009043-index.htm,,,,,0,,valeur_recente_manquante,,,2,observation partielle,rd: valeur_recente_manquante,oui,1.7634059148521286,progression inferieure au seuil
0001783180,Carrier Global,CARR,Industrials,fournit,non_quantifie,2025,2025-12-31,21.747,1.1591599594904323,2018;2019,2018-01-01/2018-12-31;2019-01-01/2019-12-31,2,,comparable_sur_reference,2025-12-31,https://www.sec.gov/Archives/edgar/data/1783180/000178318026000008/0001783180-26-000008-index.htm,0.392,1.5494071146245059,2018;2019,2018-01-01/2018-12-31;2019-01-01/2019-12-31,2,,comparable_sur_reference,2025-12-31,https://www.sec.gov/Archives/edgar/data/1783180/000178318026000008/0001783180-26-000008-index.htm,0.625,1.5605493133583022,2018;2019,2018-01-01/2018-12-31;2019-01-01/2019-12-31,2,,comparable_sur_reference,2025-12-31,https://www.sec.gov/Archives/edgar/data/1783180/000178318026000008/0001783180-26-000008-index.htm,3,trois mesures comparables,,,1.5605493133583022,progression inferieure au seuil
0001130310,CenterPoint Energy,CNP,Utilities,fournit,non_quantifie,2025,2025-12-31,9.357,,,,0,,recent_non_reconcilie,2025-12-31,https://www.sec.gov/Archives/edgar/data/1130310/000113031026000008/0001130310-26-000008-index.htm,4.87,1.092663226385461,2023;2024,2023-01-01/2023-12-31;2024-01-01/2024-12-31,2,oui,comparable_sur_repli,2025-12-31,https://www.sec.gov/Archives/edgar/data/1130310/000113031026000008/0001130310-26-000008-index.htm,,,,,0,,valeur_recente_manquante,,,1,observation partielle,chiffre_affaires: recent_non_reconcilie ; rd: valeur_recente_manquante,oui,1.092663226385461,progression inferieure au seuil
0000093410,Chevron Corporation,CVX,Energy,fournit,non_quantifie,2025,2025-12-31,189.031,,,,0,,recent_non_reconcilie,2025-12-31,https://www.sec.gov/Archives/edgar/data/93410/000009341026000078/0000093410-26-000078-index.htm,17.347,1.2597066227730442,2017;2018;2019,2017-01-01/2017-12-31;2018-01-01/2018-12-31;2019-01-01/2019-12-31,3,,comparable_sur_reference,2025-12-31,https://www.sec.gov/Archives/edgar/data/93410/000009341026000078/0000093410-26-000078-index.htm,0.427,0.9242424242424242,2017;2018;2019,2017-01-01/2017-12-31;2018-01-01/2018-12-31;2019-01-01/2019-12-31,3,,comparable_sur_reference,2025-12-31,https://www.sec.gov/Archives/edgar/data/93410/000009341026000078/0000093410-26-000078-index.htm,2,observation partielle,chiffre_affaires: recent_non_reconcilie,,1.2597066227730442,progression inferieure au seuil
0000936395,Ciena,CIEN,Information Technology,vend,non_quantifie,2025,2025-11-01,4.769507,1.4309056874179937,2018;2019,2017-11-01/2018-11-03;2018-11-04/2019-11-02,2,,comparable_sur_reference,2025-11-01,https://www.sec.gov/Archives/edgar/data/936395/000162828025056698/0001628280-25-056698-index.htm,0.140801,1.8790586979247759,2017;2018;2019,2016-11-01/2017-10-31;2017-11-01/2018-11-03;2018-11-04/2019-11-02,3,,comparable_sur_reference,2025-11-01,https://www.sec.gov/Archives/edgar/data/936395/000162828025056698/0001628280-25-056698-index.htm,0.848329,1.6798239245111655,2017;2018;2019,2016-11-01/2017-10-31;2017-11-01/2018-11-03;2018-11-04/2019-11-02,3,,comparable_sur_reference,2025-11-01,https://www.sec.gov/Archives/edgar/data/936395/000162828025056698/0001628280-25-056698-index.htm,3,trois mesures comparables,,,1.8790586979247759,progression inferieure au seuil
0000858877,Cisco,CSCO,Information Technology,vend,non_quantifie,2026,2026-07-25,63.325,1.251061896200881,2018;2019,2017-07-30/2018-07-28;2018-07-29/2019-07-27,2,,comparable_sur_reference,2026-07-25,https://www.sec.gov/Archives/edgar/data/858877/000085887726000132/0000858877-26-000132-index.htm,1.41,1.5626154414480975,2017;2018;2019,2016-07-31/2017-07-29;2017-07-30/2018-07-28;2018-07-29/2019-07-27,3,,comparable_sur_reference,2026-07-25,https://www.sec.gov/Archives/edgar/data/858877/000085887726000132/0000858877-26-000132-index.htm,9.563,1.5124947279628849,2017;2018;2019,2016-07-31/2017-07-29;2017-07-30/2018-07-28;2018-07-29/2019-07-27,3,,comparable_sur_reference,2026-07-25,https://www.sec.gov/Archives/edgar/data/858877/000085887726000132/0000858877-26-000132-index.htm,3,trois mesures comparables,,,1.5626154414480975,progression inferieure au seuil
0001868275,Constellation Energy,CEG,Utilities,fournit,non_quantifie,2025,2025-12-31,25.533,,,,0,,recent_non_reconcilie,2025-12-31,https://www.sec.gov/Archives/edgar/data/1868275/000186827526000032/0001868275-26-000032-index.htm,2.949,1.9174252275682704,2020;2021,2020-01-01/2020-12-31;2021-01-01/2021-12-31,2,oui,comparable_sur_repli,2025-12-31,https://www.sec.gov/Archives/edgar/data/1868275/000186827526000032/0001868275-26-000032-index.htm,,,,,0,,valeur_recente_manquante,,,1,observation partielle,chiffre_affaires: recent_non_reconcilie ; rd: valeur_recente_manquante,oui,1.9174252275682704,progression inferieure au seuil
0000024741,Corning Inc.,GLW,Information Technology,vend,non_quantifie,2025,2025-12-31,15.629,1.4247470296879274,2017;2018;2019,2017-01-01/2017-12-31;2018-01-01/2018-12-31;2019-01-01/2019-12-31,3,,comparable_sur_reference,2025-12-31,https://www.sec.gov/Archives/edgar/data/24741/000002474126000124/0000024741-26-000124-index.htm,1.282,0.8506967485069675,2020;2021,2020-01-01/2020-12-31;2021-01-01/2021-12-31,2,oui,comparable_sur_repli,2025-12-31,https://www.sec.gov/Archives/edgar/data/24741/000002474126000124/0000024741-26-000124-index.htm,0.8,1.0452961672473866,2017;2018;2019,2017-01-01/2017-12-31;2018-01-01/2018-12-31;2019-01-01/2019-12-31,3,,comparable_sur_reference,2025-12-31,https://www.sec.gov/Archives/edgar/data/24741/000002474126000124/0000024741-26-000124-index.htm,3,trois mesures comparables,,oui,1.0452961672473866,progression inferieure au seuil
0000026172,Cummins,CMI,Industrials,fournit,non_quantifie,2025,2025-12-31,33.67,1.490482514386897,2017;2018;2019,2017-01-01/2017-12-31;2018-01-01/2018-12-31;2019-01-01/2019-12-31,3,,comparable_sur_reference,2025-12-31,https://www.sec.gov/Archives/edgar/data/26172/000002617226000009/0000026172-26-000009-index.htm,1.235,1.9347258485639685,2017;2018;2019,2017-01-01/2017-12-31;2018-01-01/2018-12-31;2019-01-01/2019-12-31,3,,comparable_sur_reference,2025-12-31,https://www.sec.gov/Archives/edgar/data/26172/000002617226000009/0000026172-26-000009-index.htm,1.396,1.5762137749341363,2017;2018;2019,2017-01-01/2017-12-31;2018-01-01/2018-12-31;2019-01-01/2019-12-31,3,,comparable_sur_reference,2025-12-31,https://www.sec.gov/Archives/edgar/data/26172/000002617226000009/0000026172-26-000009-index.htm,3,trois mesures comparables,,,1.9347258485639685,progression inferieure au seuil
0000936340,DTE Energy,DTE,Utilities,fournit,non_quantifie,2025,2025-12-31,15.814,1.216867160848488,2017;2018;2019,2017-01-01/2017-12-31;2018-01-01/2018-12-31;2019-01-01/2019-12-31,3,,comparable_sur_reference,2025-12-31,https://www.sec.gov/Archives/edgar/data/936340/000093634026000054/0000936340-26-000054-index.htm,,,,,0,,valeur_recente_manquante,,,,,,,0,,valeur_recente_manquante,,,1,observation partielle,capex: valeur_recente_manquante ; rd: valeur_recente_manquante,,,progression inferieure au seuil
0000029905,Dover Corporation,DOV,Industrials,fournit,non_quantifie,2025,2025-12-31,8.092571,1.1455656875474882,2018;2019,2018-01-01/2018-12-31;2019-01-01/2019-12-31,2,,comparable_sur_reference,2025-12-31,https://www.sec.gov/Archives/edgar/data/29905/000002990526000009/0000029905-26-000009-index.htm,0.220263,1.2518120128972126,2017;2018;2019,2017-01-01/2017-12-31;2018-01-01/2018-12-31;2019-01-01/2019-12-31,3,,comparable_sur_reference,2025-12-31,https://www.sec.gov/Archives/edgar/data/29905/000002990526000009/0000029905-26-000009-index.htm,0.165342,1.1966101040706734,2017;2018;2019,2017-01-01/2017-12-31;2018-01-01/2018-12-31;2019-01-01/2019-12-31,3,,comparable_sur_reference,2025-12-31,https://www.sec.gov/Archives/edgar/data/29905/000002990526000009/0000029905-26-000009-index.htm,3,trois mesures comparables,,,1.2518120128972126,progression inferieure au seuil
0001751788,Dow Inc.,DOW,Materials,vend,non_quantifie,2025,2025-12-31,39.968,0.8636594457349684,2018;2019,2018-01-01/2018-12-31;2019-01-01/2019-12-31,2,,comparable_sur_reference,2025-12-31,https://www.sec.gov/Archives/edgar/data/1751788/000175178826000018/0001751788-26-000018-index.htm,2.479,1.0842688438547892,2017;2018;2019,2017-01-01/2017-12-31;2018-01-01/2018-12-31;2019-01-01/2019-12-31,3,,comparable_sur_reference,2025-12-31,https://www.sec.gov/Archives/edgar/data/1751788/000175178826000018/0001751788-26-000018-index.htm,0.752,0.9527027027027026,2017;2018;2019,2017-01-01/2017-12-31;2018-01-01/2018-12-31;2019-01-01/2019-12-31,3,,comparable_sur_reference,2025-12-31,https://www.sec.gov/Archives/edgar/data/1751788/000175178826000018/0001751788-26-000018-index.htm,3,trois mesures comparables,,,1.0842688438547892,progression inferieure au seuil
0001326160,Duke Energy,DUK,Utilities,fournit,non_quantifie,2025,2025-12-31,32.237,1.3218205426091711,2017;2018;2019,2017-01-01/2017-12-31;2018-01-01/2018-12-31;2019-01-01/2019-12-31,3,,comparable_sur_reference,2025-12-31,https://www.sec.gov/Archives/edgar/data/1326160/000132616026000014/0001326160-26-000014-index.htm,14.024,1.4729545215838673,2017;2018;2019,2017-01-01/2017-12-31;2018-01-01/2018-12-31;2019-01-01/2019-12-31,3,,comparable_sur_reference,2025-12-31,https://www.sec.gov/Archives/edgar/data/1326160/000132616026000014/0001326160-26-000014-index.htm,,,,,0,,valeur_recente_manquante,,,2,observation partielle,rd: valeur_recente_manquante,,1.4729545215838673,progression inferieure au seuil
0001551182,Eaton Corporation,ETN,Industrials,fournit,non_quantifie,2025,2025-12-31,27.448,1.2987398072646406,2017;2018;2019,2017-01-01/2017-12-31;2018-01-01/2018-12-31;2019-01-01/2019-12-31,3,,comparable_sur_reference,2025-12-31,https://www.sec.gov/Archives/edgar/data/1551182/000155118226000007/0001551182-26-000007-index.htm,0.919,1.6489234449760763,2017;2018;2019,2017-01-01/2017-12-31;2018-01-01/2018-12-31;2019-01-01/2019-12-31,3,,comparable_sur_reference,2025-12-31,https://www.sec.gov/Archives/edgar/data/1551182/000155118226000007/0001551182-26-000007-index.htm,0.797,1.3478015783540023,2017;2018;2019,2017-01-01/2017-12-31;2018-01-01/2018-12-31;2019-01-01/2019-12-31,3,,comparable_sur_reference,2025-12-31,https://www.sec.gov/Archives/edgar/data/1551182/000155118226000007/0001551182-26-000007-index.htm,3,trois mesures comparables,,,1.6489234449760763,progression inferieure au seuil
0000031462,Ecolab,ECL,Materials,vend,non_quantifie,2025,2025-12-31,16.0812,1.2977029627866252,2018;2019,2018-01-01/2018-12-31;2019-01-01/2019-12-31,2,,comparable_sur_reference,2025-12-31,https://www.sec.gov/Archives/edgar/data/31462/000110465926018357/0001104659-26-018357-index.htm,1.0483,1.322164298326747,2017;2018;2019,2017-01-01/2017-12-31;2018-01-01/2018-12-31;2019-01-01/2019-12-31,3,,comparable_sur_reference,2025-12-31,https://www.sec.gov/Archives/edgar/data/31462/000110465926018357/0001104659-26-018357-index.htm,0.202,1.0376712328767124,2017;2018;2019,2017-01-01/2017-12-31;2018-01-01/2018-12-31;2019-01-01/2019-12-31,3,,comparable_sur_reference,2025-12-31,https://www.sec.gov/Archives/edgar/data/31462/000110465926018357/0001104659-26-018357-index.htm,3,trois mesures comparables,,,1.322164298326747,progression inferieure au seuil
0000815556,Fastenal,FAST,Industrials,fournit,non_quantifie,2025,2025-12-31,8.2005,1.6747904937607647,2017;2018;2019,2017-01-01/2017-12-31;2018-01-01/2018-12-31;2019-01-01/2019-12-31,3,,comparable_sur_reference,2025-12-31,https://www.sec.gov/Archives/edgar/data/815556/000081555626000009/0000815556-26-000009-index.htm,0.2453,1.3562476962771841,2017;2018;2019,2017-01-01/2017-12-31;2018-01-01/2018-12-31;2019-01-01/2019-12-31,3,,comparable_sur_reference,2025-12-31,https://www.sec.gov/Archives/edgar/data/815556/000081555626000009/0000815556-26-000009-index.htm,,,,,0,,valeur_recente_manquante,,,2,observation partielle,rd: valeur_recente_manquante,,1.3562476962771841,progression inferieure au seuil
0001031296,FirstEnergy,FE,Utilities,fournit,non_quantifie,2025,2025-12-31,15.09,1.003491271820449,2014;2015,2014-01-01/2014-12-31;2015-01-01/2015-12-31,2,oui,comparable_sur_repli,2025-12-31,https://www.sec.gov/Archives/edgar/data/1031296/000103129626000046/0001031296-26-000046-index.htm,4.705,1.7806231865775197,2017;2018;2019,2017-01-01/2017-12-31;2018-01-01/2018-12-31;2019-01-01/2019-12-31,3,,comparable_sur_reference,2025-12-31,https://www.sec.gov/Archives/edgar/data/1031296/000103129626000046/0001031296-26-000046-index.htm,,,,,0,,valeur_recente_manquante,,,2,observation partielle,rd: valeur_recente_manquante,oui,1.7806231865775197,progression inferieure au seuil
0000866374,Flex Ltd.,FLEX,Information Technology,fournit,non_quantifie,2025,2026-03-31,27.914,1.103870915516465,2017;2018;2019,2017-04-01/2018-03-31;2018-04-01/2019-03-31;2019-04-01/2020-03-31,3,,comparable_sur_reference,2026-03-31,https://www.sec.gov/Archives/edgar/data/866374/000086637426000012/0000866374-26-000012-index.htm,0.633,1.085144717390944,2017;2018;2019,2017-04-01/2018-03-31;2018-04-01/2019-03-31;2019-04-01/2020-03-31,3,,comparable_sur_reference,2026-03-31,https://www.sec.gov/Archives/edgar/data/866374/000086637426000012/0000866374-26-000012-index.htm,,,,,0,,valeur_recente_manquante,,,2,observation partielle,rd: valeur_recente_manquante,,1.085144717390944,progression inferieure au seuil
0000040533,General Dynamics,GD,Industrials,fournit,non_quantifie,2025,2025-12-31,52.55,1.3912606065419695,2018;2019,2018-01-01/2018-12-31;2019-01-01/2019-12-31,2,,comparable_sur_reference,2025-12-31,https://www.sec.gov/Archives/edgar/data/40533/000004053326000006/0000040533-26-000006-index.htm,1.161,1.6546318289786224,2017;2018;2019,2017-01-01/2017-12-31;2018-01-01/2018-12-31;2019-01-01/2019-12-31,3,,comparable_sur_reference,2025-12-31,https://www.sec.gov/Archives/edgar/data/40533/000004053326000006/0000040533-26-000006-index.htm,,,,,0,,valeur_recente_manquante,,,2,observation partielle,rd: valeur_recente_manquante,,1.6546318289786224,progression inferieure au seuil
0000045012,Halliburton,HAL,Energy,fournit,non_quantifie,2025,2025-12-31,22.184,,,,0,,recent_non_reconcilie,2025-12-31,https://www.sec.gov/Archives/edgar/data/45012/000004501226000015/0000045012-26-000015-index.htm,1.254,0.7632379793061473,2017;2018;2019,2017-01-01/2017-12-31;2018-01-01/2018-12-31;2019-01-01/2019-12-31,3,,comparable_sur_reference,2025-12-31,https://www.sec.gov/Archives/edgar/data/45012/000004501226000015/0000045012-26-000015-index.htm,0.411,1.0684575389948006,2017;2018;2019,2017-01-01/2017-12-31;2018-01-01/2018-12-31;2019-01-01/2019-12-31,3,,comparable_sur_reference,2025-12-31,https://www.sec.gov/Archives/edgar/data/45012/000004501226000015/0000045012-26-000015-index.htm,2,observation partielle,chiffre_affaires: recent_non_reconcilie,,1.0684575389948006,progression inferieure au seuil
0001645590,Hewlett Packard Enterprise,HPE,Information Technology,vend,non_quantifie,2025,2025-10-31,34.296,1.222303401821195,2019;2020,2018-11-01/2019-10-31;2019-11-01/2020-10-31,2,oui,comparable_sur_repli,2025-10-31,https://www.sec.gov/Archives/edgar/data/1645590/000164559025000130/0001645590-25-000130-index.htm,2.292,0.7683540060341938,2017;2018;2019,2016-11-01/2017-10-31;2017-11-01/2018-10-31;2018-11-01/2019-10-31,3,,comparable_sur_reference,2025-10-31,https://www.sec.gov/Archives/edgar/data/1645590/000164559025000130/0001645590-25-000130-index.htm,2.518,1.511102220444089,2017;2018;2019,2016-11-01/2017-10-31;2017-11-01/2018-10-31;2018-11-01/2019-10-31,3,,comparable_sur_reference,2025-10-31,https://www.sec.gov/Archives/edgar/data/1645590/000164559025000130/0001645590-25-000130-index.htm,3,trois mesures comparables,,oui,1.511102220444089,progression inferieure au seuil
0000048898,Hubbell Incorporated,HUBB,Industrials,fournit,non_quantifie,2025,2025-12-31,5.8446,1.449421762240537,2017;2018;2019,2017-01-01/2017-12-31;2018-01-01/2018-12-31;2019-01-01/2019-12-31,3,,comparable_sur_reference,2025-12-31,https://www.sec.gov/Archives/edgar/data/48898/000162828026007500/0001628280-26-007500-index.htm,0.1551,1.771896420411272,2017;2018;2019,2017-01-01/2017-12-31;2018-01-01/2018-12-31;2019-01-01/2019-12-31,3,,comparable_sur_reference,2025-12-31,https://www.sec.gov/Archives/edgar/data/48898/000162828026007500/0001628280-26-007500-index.htm,,,,,0,,valeur_recente_manquante,,,2,observation partielle,rd: valeur_recente_manquante,,1.771896420411272,progression inferieure au seuil
0000051143,IBM,IBM,Information Technology,vend,non_quantifie,2025,2025-12-31,67.535,0.9837223699064127,2018;2019,2018-01-01/2018-12-31;2019-01-01/2019-12-31,2,,comparable_sur_reference,2025-12-31,https://www.sec.gov/Archives/edgar/data/51143/000005114326000010/0000051143-26-000010-index.htm,1.091,0.36734006734006736,2017;2018;2019,2017-01-01/2017-12-31;2018-01-01/2018-12-31;2019-01-01/2019-12-31,3,,comparable_sur_reference,2025-12-31,https://www.sec.gov/Archives/edgar/data/51143/000005114326000010/0000051143-26-000010-index.htm,8.316,1.4780496474909652,2017;2018;2019,2017-01-01/2017-12-31;2018-01-01/2018-12-31;2019-01-01/2019-12-31,3,,comparable_sur_reference,2025-12-31,https://www.sec.gov/Archives/edgar/data/51143/000005114326000010/0000051143-26-000010-index.htm,3,trois mesures comparables,,,1.4780496474909652,progression inferieure au seuil
0000832101,IDEX Corporation,IEX,Industrials,fournit,non_quantifie,2025,2025-12-31,3.4575,1.389037869812501,2018;2019,2018-01-01/2018-12-31;2019-01-01/2019-12-31,2,,comparable_sur_reference,2025-12-31,https://www.sec.gov/Archives/edgar/data/832101/000083210126000003/0000832101-26-000003-index.htm,0.0636,1.2648577697932342,2017;2018;2019,2017-01-01/2017-12-31;2018-01-01/2018-12-31;2019-01-01/2019-12-31,3,,comparable_sur_reference,2025-12-31,https://www.sec.gov/Archives/edgar/data/832101/000083210126000003/0000832101-26-000003-index.htm,0.07,1.430517711171662,2017;2018;2019,2017-01-01/2017-12-31;2018-01-01/2018-12-31;2019-01-01/2019-12-31,3,,comparable_sur_reference,2025-12-31,https://www.sec.gov/Archives/edgar/data/832101/000083210126000003/0000832101-26-000003-index.htm,3,trois mesures comparables,,,1.430517711171662,progression inferieure au seuil
0000050863,Intel,INTC,Information Technology,vend,non_quantifie,2025,2025-12-27,52.853,0.7712988996663003,2017;2018;2019,2017-01-01/2017-12-30;2017-12-31/2018-12-29;2018-12-30/2019-12-28,3,,comparable_sur_reference,2025-12-27,https://www.sec.gov/Archives/edgar/data/50863/000005086326000011/0000050863-26-000011-index.htm,14.646,1.0177429815621237,2017;2018;2019,2017-01-01/2017-12-30;2017-12-31/2018-12-29;2018-12-30/2019-12-28,3,,comparable_sur_reference,2025-12-27,https://www.sec.gov/Archives/edgar/data/50863/000005086326000011/0000050863-26-000011-index.htm,13.774,1.0346019028542814,2017;2018;2019,2017-01-01/2017-12-30;2017-12-31/2018-12-29;2018-12-30/2019-12-28,3,,comparable_sur_reference,2025-12-27,https://www.sec.gov/Archives/edgar/data/50863/000005086326000011/0000050863-26-000011-index.htm,3,trois mesures comparables,,,1.0346019028542814,progression inferieure au seuil
0000898293,Jabil,JBL,Information Technology,fournit,non_quantifie,2025,2025-08-31,29.802,1.2075018269330038,2018;2020,2017-09-01/2018-08-31;2019-09-01/2020-08-31,2,oui,comparable_sur_repli,2025-08-31,https://www.sec.gov/Archives/edgar/data/898293/000162828025045293/0001628280-25-045293-index.htm,0.468,0.5090394382292969,2017;2018;2019,2016-09-01/2017-08-31;2017-09-01/2018-08-31;2018-09-01/2019-08-31,3,,comparable_sur_reference,2025-08-31,https://www.sec.gov/Archives/edgar/data/898293/000162828025045293/0001628280-25-045293-index.htm,0.026,0.7013694688475061,2017;2018;2019,2016-09-01/2017-08-31;2017-09-01/2018-08-31;2018-09-01/2019-08-31,3,,comparable_sur_reference,2025-08-31,https://www.sec.gov/Archives/edgar/data/898293/000162828025045293/0001628280-25-045293-index.htm,3,trois mesures comparables,,oui,0.7013694688475061,progression inferieure au seuil
0000833444,Johnson Controls,JCI,Industrials,fournit,non_quantifie,2025,2025-09-30,23.596,1.0195959814194664,2019;2020,2018-10-01/2019-09-30;2019-10-01/2020-09-30,2,oui,comparable_sur_repli,2025-09-30,https://www.sec.gov/Archives/edgar/data/833444/000083344425000097/0000833444-25-000097-index.htm,0.434,0.6539427423405324,2017;2018;2019,2016-10-01/2017-09-30;2017-10-01/2018-09-30;2018-10-01/2019-09-30,3,,comparable_sur_reference,2025-09-30,https://www.sec.gov/Archives/edgar/data/833444/000083344425000097/0000833444-25-000097-index.htm,0.273,0.875,2017;2018;2019,2016-10-01/2017-09-30;2017-10-01/2018-09-30;2018-10-01/2019-09-30,3,,comparable_sur_reference,2025-09-30,https://www.sec.gov/Archives/edgar/data/833444/000083344425000097/0000833444-25-000097-index.htm,3,trois mesures comparables,,oui,0.875,progression inferieure au seuil
0001601046,Keysight Technologies,KEYS,Information Technology,fournit,non_quantifie,2025,2025-10-31,5.375,1.2611450023463162,2019;2020,2018-11-01/2019-10-31;2019-11-01/2020-10-31,2,oui,comparable_sur_repli,2025-10-31,https://www.sec.gov/Archives/edgar/data/1601046/000160104625000127/0001601046-25-000127-index.htm,0.128,1.1851851851851851,2017;2018;2019,2016-11-01/2017-10-31;2017-11-01/2018-10-31;2018-11-01/2019-10-31,3,,comparable_sur_reference,2025-10-31,https://www.sec.gov/Archives/edgar/data/1601046/000160104625000127/0001601046-25-000127-index.htm,1.007,1.6608026388125343,2017;2018;2019,2016-11-01/2017-10-31;2017-11-01/2018-10-31;2018-11-01/2019-10-31,3,,comparable_sur_reference,2025-10-31,https://www.sec.gov/Archives/edgar/data/1601046/000160104625000127/0001601046-25-000127-index.htm,3,trois mesures comparables,,oui,1.6608026388125343,progression inferieure au seuil
0001069202,Lennox International,LII,Industrials,fournit,non_quantifie,2025,2025-12-31,5.1953,1.3516872349467075,2017;2018;2019,2017-01-01/2017-12-31;2018-01-01/2018-12-31;2019-01-01/2019-12-31,3,,comparable_sur_reference,2025-12-31,https://www.sec.gov/Archives/edgar/data/1069202/000106920226000028/0001069202-26-000028-index.htm,0.1188,1.1915747241725176,2017;2018;2019,2017-01-01/2017-12-31;2018-01-01/2018-12-31;2019-01-01/2019-12-31,3,,comparable_sur_reference,2025-12-31,https://www.sec.gov/Archives/edgar/data/1069202/000106920226000028/0001069202-26-000028-index.htm,0.1034,1.4381084840055633,2017;2018;2019,2017-01-01/2017-12-31;2018-01-01/2018-12-31;2019-01-01/2019-12-31,3,,comparable_sur_reference,2025-12-31,https://www.sec.gov/Archives/edgar/data/1069202/000106920226000028/0001069202-26-000028-index.htm,3,trois mesures comparables,,,1.4381084840055633,progression inferieure au seuil
0000916076,Martin Marietta Materials,MLM,Materials,fournit,non_quantifie,2025,2025-12-31,6.15,1.3691920653650065,2018;2019,2018-01-01/2018-12-31;2019-01-01/2019-12-31,2,,comparable_sur_reference,2025-12-31,https://www.sec.gov/Archives/edgar/data/916076/000119312526059193/0001193125-26-059193-index.htm,0.807,,,,0,,recent_non_reconcilie,2025-12-31,https://www.sec.gov/Archives/edgar/data/916076/000119312526059193/0001193125-26-059193-index.htm,,,,,0,,valeur_recente_manquante,,,1,observation partielle,capex: recent_non_reconcilie ; rd: valeur_recente_manquante,,,progression inferieure au seuil
0001835632,Marvell Technology,MRVL,Information Technology,vend,non_quantifie,2025,2026-01-31,8.1946,1.434214556369396,2022;2023,2022-01-30/2023-01-28;2023-01-29/2024-02-03,2,oui,comparable_sur_repli,2026-01-31,https://www.sec.gov/Archives/edgar/data/1835632/000183563226000011/0001835632-26-000011-index.htm,0.3541,1.3054377880184331,2022;2023,2022-01-30/2023-01-28;2023-01-29/2024-02-03,2,oui,comparable_sur_repli,2026-01-31,https://www.sec.gov/Archives/edgar/data/1835632/000183563226000011/0001835632-26-000011-index.htm,2.0752,1.1276728705338948,2022;2023,2022-01-30/2023-01-28;2023-01-29/2024-02-03,2,oui,comparable_sur_repli,2026-01-31,https://www.sec.gov/Archives/edgar/data/1835632/000183563226000011/0001835632-26-000011-index.htm,3,trois mesures comparables,,oui,1.3054377880184331,progression inferieure au seuil
0000827054,Microchip Technology,MCHP,Information Technology,vend,non_quantifie,2025,2026-03-31,4.7131,0.9681468040672395,2017;2018;2019,2017-04-01/2018-03-31;2018-04-01/2019-03-31;2019-04-01/2020-03-31,3,,comparable_sur_reference,2026-03-31,https://www.sec.gov/Archives/edgar/data/827054/000082705426000016/0000827054-26-000016-index.htm,0.0911,1.1373283395755305,2019;2020,2019-04-01/2020-03-31;2020-04-01/2021-03-31,2,oui,comparable_sur_repli,2026-03-31,https://www.sec.gov/Archives/edgar/data/827054/000082705426000016/0000827054-26-000016-index.htm,1.0859,1.4586281006537118,2017;2018;2019,2017-04-01/2018-03-31;2018-04-01/2019-03-31;2019-04-01/2020-03-31,3,,comparable_sur_reference,2026-03-31,https://www.sec.gov/Archives/edgar/data/827054/000082705426000016/0000827054-26-000016-index.htm,3,trois mesures comparables,,oui,1.4586281006537118,progression inferieure au seuil
0001002047,NetApp,NTAP,Information Technology,vend,non_quantifie,2025,2026-04-24,6.925,,,,0,,recent_non_reconcilie,2026-04-24,https://www.sec.gov/Archives/edgar/data/1002047/000119312526259683/0001193125-26-259683-index.htm,0.198,1.343891402714932,2017;2018;2019,2017-04-29/2018-04-27;2018-04-28/2019-04-26;2019-04-27/2020-04-24,3,,comparable_sur_reference,2026-04-24,https://www.sec.gov/Archives/edgar/data/1002047/000119312526259683/0001193125-26-259683-index.htm,0.991,1.21001221001221,2017;2018;2019,2017-04-29/2018-04-27;2018-04-28/2019-04-26;2019-04-27/2020-04-24,3,,comparable_sur_reference,2026-04-24,https://www.sec.gov/Archives/edgar/data/1002047/000119312526259683/0001193125-26-259683-index.htm,2,observation partielle,chiffre_affaires: recent_non_reconcilie,,1.343891402714932,progression inferieure au seuil
0001111711,NiSource,NI,Utilities,fournit,non_quantifie,2025,2025-12-31,6.5228,1.2987804270994077,2018;2019,2018-01-01/2018-12-31;2019-01-01/2019-12-31,2,,comparable_sur_reference,2025-12-31,https://www.sec.gov/Archives/edgar/data/1111711/000111171126000027/0001111711-26-000027-index.htm,2.7823,1.570028590775713,2017;2018;2019,2017-01-01/2017-12-31;2018-01-01/2018-12-31;2019-01-01/2019-12-31,3,,comparable_sur_reference,2025-12-31,https://www.sec.gov/Archives/edgar/data/1111711/000111171126000027/0001111711-26-000027-index.htm,,,,,0,,valeur_recente_manquante,,,2,observation partielle,rd: valeur_recente_manquante,,1.570028590775713,progression inferieure au seuil
0001097864,ON Semiconductor,ON,Information Technology,vend,non_quantifie,2025,2025-12-31,5.9954,1.0618030260990714,2017;2018;2019,2017-01-01/2017-12-31;2018-01-01/2018-12-31;2019-01-01/2019-12-31,3,,comparable_sur_reference,2025-12-31,https://www.sec.gov/Archives/edgar/data/1097864/000109786426000006/0001097864-26-000006-index.htm,0.3412,0.7123669009673602,2017;2018;2019,2017-01-01/2017-12-31;2018-01-01/2018-12-31;2019-01-01/2019-12-31,3,,comparable_sur_reference,2025-12-31,https://www.sec.gov/Archives/edgar/data/1097864/000109786426000006/0001097864-26-000006-index.htm,0.5836,0.9281662513916132,2017;2018;2019,2017-01-01/2017-12-31;2018-01-01/2018-12-31;2019-01-01/2019-12-31,3,,comparable_sur_reference,2025-12-31,https://www.sec.gov/Archives/edgar/data/1097864/000109786426000006/0001097864-26-000006-index.htm,3,trois mesures comparables,,,0.9281662513916132,progression inferieure au seuil
0000922224,PPL Corporation,PPL,Utilities,fournit,non_quantifie,2025,2025-12-31,9.17,,,,0,,recent_non_reconcilie,2025-12-31,https://www.sec.gov/Archives/edgar/data/922224/000092222426000008/0000922224-26-000008-index.htm,4.03,1.4035291386115625,2017;2018;2019,2017-01-01/2017-12-31;2018-01-01/2018-12-31;2019-01-01/2019-12-31,3,,comparable_sur_reference,2025-12-31,https://www.sec.gov/Archives/edgar/data/922224/000092222426000008/0000922224-26-000008-index.htm,,,,,0,,valeur_recente_manquante,,,1,observation partielle,chiffre_affaires: recent_non_reconcilie ; rd: valeur_recente_manquante,,1.4035291386115625,progression inferieure au seuil
0002058873,Qnity Electronics,Q,Information Technology,fournit,non_quantifie,2025,2025-12-31,4.754,1.1359617682198326,2023;2024,2023-01-01/2023-12-31;2024-01-01/2024-12-31,2,oui,comparable_sur_repli,2025-12-31,https://www.sec.gov/Archives/edgar/data/2058873/000205887326000010/0002058873-26-000010-index.htm,0.285,1.322505800464037,2023;2024,2023-01-01/2023-12-31;2024-01-01/2024-12-31,2,oui,comparable_sur_repli,2025-12-31,https://www.sec.gov/Archives/edgar/data/2058873/000205887326000010/0002058873-26-000010-index.htm,0.354,1.1474878444084278,2023;2024,2023-01-01/2023-12-31;2024-01-01/2024-12-31,2,oui,comparable_sur_repli,2025-12-31,https://www.sec.gov/Archives/edgar/data/2058873/000205887326000010/0002058873-26-000010-index.htm,3,trois mesures comparables,,oui,1.322505800464037,progression inferieure au seuil
0000087347,Schlumberger,SLB,Energy,fournit,non_quantifie,2025,2025-12-31,35.708,1.0864723422381792,2018;2019,2018-01-01/2018-12-31;2019-01-01/2019-12-31,2,,comparable_sur_reference,2025-12-31,https://www.sec.gov/Archives/edgar/data/87347/000119312526021017/0001193125-26-021017-index.htm,1.694,0.8482724086129194,2017;2018;2019,2017-01-01/2017-12-31;2018-01-01/2018-12-31;2019-01-01/2019-12-31,3,,comparable_sur_reference,2025-12-31,https://www.sec.gov/Archives/edgar/data/87347/000119312526021017/0001193125-26-021017-index.htm,0.709,0.9641885766092475,2017;2018;2019,2017-01-01/2017-12-31;2018-01-01/2018-12-31;2019-01-01/2019-12-31,3,,comparable_sur_reference,2025-12-31,https://www.sec.gov/Archives/edgar/data/87347/000119312526021017/0001193125-26-021017-index.htm,3,trois mesures comparables,,,0.9641885766092475,progression inferieure au seuil
0001137789,Seagate Technology,STX,Information Technology,vend,non_quantifie,2025,2026-07-03,12.195,1.1403235358289436,2017;2018;2019,2017-07-01/2018-06-29;2018-06-30/2019-06-28;2019-06-29/2020-07-03,3,,comparable_sur_reference,2026-07-03,https://www.sec.gov/Archives/edgar/data/1137789/000113778926000159/0001137789-26-000159-index.htm,0.569,1.0991629104958145,2017;2018;2019,2017-07-01/2018-06-29;2018-06-30/2019-06-28;2019-06-29/2020-07-03,3,,comparable_sur_reference,2026-07-03,https://www.sec.gov/Archives/edgar/data/1137789/000113778926000159/0001137789-26-000159-index.htm,0.755,0.7575250836120402,2017;2018;2019,2017-07-01/2018-06-29;2018-06-30/2019-06-28;2019-06-29/2020-07-03,3,,comparable_sur_reference,2026-07-03,https://www.sec.gov/Archives/edgar/data/1137789/000113778926000159/0001137789-26-000159-index.htm,3,trois mesures comparables,,,1.0991629104958145,progression inferieure au seuil
0000004127,Skyworks Solutions,SWKS,Information Technology,vend,non_quantifie,2025,2025-10-03,4.0869,1.1252271434077936,2017;2018;2019,2016-10-01/2017-09-29;2017-09-30/2018-09-28;2018-09-29/2019-09-27,3,,comparable_sur_reference,2025-10-03,https://www.sec.gov/Archives/edgar/data/4127/000000412725000085/0000004127-25-000085-index.htm,0.195,0.4752040940660412,2018;2019,2017-09-30/2018-09-28;2018-09-29/2019-09-27,2,,comparable_sur_reference,2025-10-03,https://www.sec.gov/Archives/edgar/data/4127/000000412725000085/0000004127-25-000085-index.htm,0.7855,1.9906234161175875,2017;2018;2019,2016-10-01/2017-09-29;2017-09-30/2018-09-28;2018-09-29/2019-09-27,3,,comparable_sur_reference,2025-10-03,https://www.sec.gov/Archives/edgar/data/4127/000000412725000085/0000004127-25-000085-index.htm,3,trois mesures comparables,,,1.9906234161175875,progression inferieure au seuil
0000092122,Southern Company,SO,Utilities,fournit,non_quantifie,2025,2025-12-31,29.553,1.3048642284200458,2017;2018;2019,2017-01-01/2017-12-31;2018-01-01/2018-12-31;2019-01-01/2019-12-31,3,,comparable_sur_reference,2025-12-31,https://www.sec.gov/Archives/edgar/data/92122/000009212226000006/0000092122-26-000006-index.htm,12.737,1.6861265554673022,2020;2021,2020-01-01/2020-12-31;2021-01-01/2021-12-31,2,oui,comparable_sur_repli,2025-12-31,https://www.sec.gov/Archives/edgar/data/92122/000009212226000006/0000092122-26-000006-index.htm,,,,,0,,valeur_recente_manquante,,,2,observation partielle,rd: valeur_recente_manquante,oui,1.6861265554673022,progression inferieure au seuil
0001385157,TE Connectivity,TEL,Information Technology,vend,non_quantifie,2025,2025-09-26,17.262,1.3070341485575832,2017;2018;2019,2016-10-01/2017-09-29;2017-09-30/2018-09-28;2018-09-29/2019-09-27,3,,comparable_sur_reference,2025-09-26,https://www.sec.gov/Archives/edgar/data/1385157/000110465925109150/0001104659-25-109150-index.htm,0.936,1.1883199322894626,2017;2018;2019,2016-10-01/2017-09-29;2017-09-30/2018-09-28;2018-09-29/2019-09-27,3,,comparable_sur_reference,2025-09-26,https://www.sec.gov/Archives/edgar/data/1385157/000110465925109150/0001104659-25-109150-index.htm,0.699,1.2149478563151794,2017;2018;2019,2016-10-01/2017-09-29;2017-09-30/2018-09-28;2018-09-29/2019-09-27,3,,comparable_sur_reference,2025-09-26,https://www.sec.gov/Archives/edgar/data/1385157/000110465925109150/0001104659-25-109150-index.htm,3,trois mesures comparables,,,1.2149478563151794,progression inferieure au seuil
0000097210,Teradyne,TER,Information Technology,fournit,non_quantifie,2025,2025-12-31,3.190024,1.1779056109610124,2019;2020,2019-01-01/2019-12-31;2020-01-01/2020-12-31,2,oui,comparable_sur_repli,2025-12-31,https://www.sec.gov/Archives/edgar/data/97210/000119312526059002/0001193125-26-059002-index.htm,0.224009,1.8962601158026615,2017;2018;2019,2017-01-01/2017-12-31;2018-01-01/2018-12-31;2019-01-01/2019-12-31,3,,comparable_sur_reference,2025-12-31,https://www.sec.gov/Archives/edgar/data/97210/000119312526059002/0001193125-26-059002-index.htm,0.504596,1.6248741458555611,2017;2018;2019,2017-01-01/2017-12-31;2018-01-01/2018-12-31;2019-01-01/2019-12-31,3,,comparable_sur_reference,2025-12-31,https://www.sec.gov/Archives/edgar/data/97210/000119312526059002/0001193125-26-059002-index.htm,3,trois mesures comparables,,oui,1.8962601158026615,progression inferieure au seuil
0001466258,Trane Technologies,TT,Industrials,fournit,non_quantifie,2025,2025-12-31,21.3219,1.6145900906927024,2017;2018;2019,2017-01-01/2017-12-31;2018-01-01/2018-12-31;2019-01-01/2019-12-31,3,,comparable_sur_reference,2025-12-31,https://www.sec.gov/Archives/edgar/data/1466258/000162828026005731/0001628280-26-005731-index.htm,0.383,,,,0,oui,historique_comparable_insuffisant,2025-12-31,https://www.sec.gov/Archives/edgar/data/1466258/000162828026005731/0001628280-26-005731-index.htm,0.3476,1.89015769439913,2017;2018;2019,2017-01-01/2017-12-31;2018-01-01/2018-12-31;2019-01-01/2019-12-31,3,,comparable_sur_reference,2025-12-31,https://www.sec.gov/Archives/edgar/data/1466258/000162828026005731/0001628280-26-005731-index.htm,2,observation partielle,capex: historique_comparable_insuffisant,,1.89015769439913,progression inferieure au seuil
0001396009,Vulcan Materials Company,VMC,Materials,fournit,non_quantifie,2025,2025-12-31,7.9411,1.0520033648846467,2022;2023,2022-01-01/2022-12-31;2023-01-01/2023-12-31,2,oui,comparable_sur_repli,2025-12-31,https://www.sec.gov/Archives/edgar/data/1396009/000162828026009546/0001628280-26-009546-index.htm,0.6777,1.5487288555205316,2017;2018;2019,2017-01-01/2017-12-31;2018-01-01/2018-12-31;2019-01-01/2019-12-31,3,,comparable_sur_reference,2025-12-31,https://www.sec.gov/Archives/edgar/data/1396009/000162828026009546/0001628280-26-009546-index.htm,,,,,0,,valeur_recente_manquante,,,2,observation partielle,rd: valeur_recente_manquante,oui,1.5487288555205316,progression inferieure au seuil
0000783325,WEC Energy Group,WEC,Utilities,fournit,non_quantifie,2025,2025-12-31,9.8001,1.286603270739702,2017;2018;2019,2017-01-01/2017-12-31;2018-01-01/2018-12-31;2019-01-01/2019-12-31,3,,comparable_sur_reference,2025-12-31,https://www.sec.gov/Archives/edgar/data/783325/000078332526000018/0000783325-26-000018-index.htm,4.3981,1.6678422449753507,2023;2024,2023-01-01/2023-12-31;2024-01-01/2024-12-31,2,oui,comparable_sur_repli,2025-12-31,https://www.sec.gov/Archives/edgar/data/783325/000078332526000018/0000783325-26-000018-index.htm,,,,,0,,valeur_recente_manquante,,,2,observation partielle,rd: valeur_recente_manquante,oui,1.6678422449753507,progression inferieure au seuil
0001524472,Xylem Inc.,XYL,Industrials,fournit,non_quantifie,2025,2025-12-31,9.035,1.6861061864327704,2021;2022,2021-01-01/2021-12-31;2022-01-01/2022-12-31,2,oui,comparable_sur_repli,2025-12-31,https://www.sec.gov/Archives/edgar/data/1524472/000152447226000012/0001524472-26-000012-index.htm,0.331,1.5687203791469195,2017;2018;2019,2017-01-01/2017-12-31;2018-01-01/2018-12-31;2019-01-01/2019-12-31,3,,comparable_sur_reference,2025-12-31,https://www.sec.gov/Archives/edgar/data/1524472/000152447226000012/0001524472-26-000012-index.htm,0.226,1.2085561497326203,2017;2018;2019,2017-01-01/2017-12-31;2018-01-01/2018-12-31;2019-01-01/2019-12-31,3,,comparable_sur_reference,2025-12-31,https://www.sec.gov/Archives/edgar/data/1524472/000152447226000012/0001524472-26-000012-index.htm,3,trois mesures comparables,,oui,1.5687203791469195,progression inferieure au seuil
0000066740,3M,MMM,Industrials,fournit,non_quantifie,2025,2025-12-31,24.948,0.7751196172248804,2017;2018;2019,2017-01-01/2017-12-31;2018-01-01/2018-12-31;2019-01-01/2019-12-31,3,,comparable_sur_reference,2025-12-31,https://www.sec.gov/Archives/edgar/data/66740/000006674026000014/0000066740-26-000014-index.htm,0.91,0.5872230587223058,2017;2018;2019,2017-01-01/2017-12-31;2018-01-01/2018-12-31;2019-01-01/2019-12-31,3,,comparable_sur_reference,2025-12-31,https://www.sec.gov/Archives/edgar/data/66740/000006674026000014/0000066740-26-000014-index.htm,,,,,0,,valeur_recente_manquante,,,2,observation partielle,rd: valeur_recente_manquante,,0.5872230587223058,recul des mesures disponibles
