"fichier","octets","sha256"
"main.py","193","B93196C8A6974DB6754307A17DD9DD9B5AC0845E0608955FB71AABD142CE2CD3"
"README.md","23","B471E3369689AEFA6E85E81CE2966A986436D4FE45777CA7050ACFC5B459E14B"
"risk_analysis.ipynb","1181","8417D532DD1221C057041B51FB181A8096F711DC18A0EFD7F8B0CC73FBD640F3"
"univers_82.xlsx","34056","0E44717009E4D54B54A20926E19B933672B0759F2908211CD9F09440C8606302"
"data\processed\base_selection_anomalies.csv","153183","9CC632F6F50C907094683DBE661E04E4CEFBD3C5F17DBB70337D6BBA3CD60A66"
"data\processed\base_selection.csv","1307558","6868C4935EF26BA5F436E9ADD65C940C861222C1C721BC7A35D7CE19D6644132"
"data\processed\classement_texte.csv","58525","601C421A4DAD5A72A284774C83BE72E49100476466B2CF96B5859EF9DD66E80C"
"data\processed\classification_manuelle.csv","82862","889BD2C7FF23D45219ABE8916EAC0F20601C12EF515725B56FD7C219E3F59B5F"
"data\processed\controle_qualite.csv","66090","DAA5BFE1A7AB2414E0FFD75137B4A6E25DED8D3ADC55A667E6B0CEDCAFE0BDC5"
"data\processed\corroboration.csv","13663","FD7286F4DF111BB1796A98007089E199A49DDD8A5F0FFE52BC320FCF786EDE3B"
"data\processed\univers_retenu.csv","13997","DE8D62591180CDCDF978BA693A9B50E19B1F84D7CB3EB14CEA5FD11AD959F1DB"
"data\raw\filings_log.csv","109","2C578A4049FCC296F64C80CC1F891AFCA4E094994551E565093837F5AEB8B0CA"
"data\raw\filings_phrases.csv","1581087","471AA6D604A0E4B4433B3F26F80CEDD2570CC86408AA9BF18EBBC392A961515B"
"data\raw\filings_termes.csv","68841","3AA3BFA192BCCD9ABF2A33CA630D3D4BA04FE50C4ABBBF3F3FE0DE0847ED4FFE"
"data\raw\premieres_cotations.csv","2840","1C3EDEF427A2A38AB2F49D740E8CB026C8F22F9120E572C8838659A62B4873AC"
"data\raw\sec_facts_raw.csv","3285572","5A056BA9C930E02DDE8C019DF4AE4F6F6AE9499B415972AB05A722631A6096C7"
"data\raw\sec_fetch_log.csv","18085","7D9BA3FEC0D2F162852860C53C62B45CF95E0CEB044FAAE6B8F2F12C98DC78A7"
"data\raw\sp500_constituents.csv","56058","2490C658BB3437868CC51F01203DDC288981A3AD2039163809CF503C4692E7C3"
"data\raw\sp500_constituents.source.json","475","68E4C10183621DB08E03271B94773FEAD465DAB691DA0B26C8CF163C9CD57895"
"research\master_context.md","50636","476EEB55C828801D3BE4C930B2149D885364C81C2B52269979A1706987E8E259"
"research\selection_rule.md","18651","D897C455CD4502234A1FF20BF2E53D8590F4E739A62B59E62972388F17C25E28"
"research\univers_selection.md","13079","64CA361AABF06856FE97AB961E027FEBCBA3B19A4AA9873178EA5B34A0D1CDFB"
"src\build_screening_base.py","5048","67E358A80B3F98557A3DC1D2AF8C8082EAA0B1E9401903398345C82851FBEFA9"
"src\classification_manuelle.py","21476","3D2DE23F469F72645C3659A429028CA0D7EE098DDE7A7E5B939CFCC089BF01A2"
"src\controle_qualite.py","4018","414200B8F757A3B64A8123BB8667AF2083AE17CE0A3C62469A09933B22528D75"
"src\corroboration.py","6732","453C1A0A914EB2FE24573B9B07B288E4CEB956B533B1BF8627CBF8743EA06033"
"src\export_univers_excel.py","6018","6324A123964F0C2E82F80A7544EAE0A9BC95C3F798C6F9EEB6ABC7A5A81785F3"
"src\fetch_filings_text.py","8057","04360BF8634872DCBBEEC106EA03B1128F6DDABB52D589DBED08B50543585BC2"
"src\fetch_sec_financials.py","12588","480BCA8A7FFB70073FA5755A797A361654E9B178DE69AD50F48E0694ADB8A094"
